Date,Daily Return
2020-01-01 00:00:00+05:30,0.0
2020-01-02 00:00:00+05:30,0.0042613300555325315
2020-01-03 00:00:00+05:30,-0.007919235459804429
2020-01-06 00:00:00+05:30,-0.014931931756111572
2020-01-07 00:00:00+05:30,0.00154542437371823
2020-01-08 00:00:00+05:30,0.0003624917957860184
2020-01-09 00:00:00+05:30,0.012317256265974717
2020-01-10 00:00:00+05:30,0.0023935566843151573
2020-01-13 00:00:00+05:30,0.002403416436435636
2020-01-14 00:00:00+05:30,-0.00015431042630327117
2020-01-15 00:00:00+05:30,-0.0030326298491824017
2020-01-16 00:00:00+05:30,0.0007187265604542599
2020-01-17 00:00:00+05:30,-0.0021966508807073843
2020-01-20 00:00:00+05:30,-0.00571997295863722
2020-01-21 00:00:00+05:30,-0.002872919902735311
2020-01-22 00:00:00+05:30,-0.004095166083309691
2020-01-23 00:00:00+05:30,0.007762658196108194
2020-01-24 00:00:00+05:30,0.0054595541131971966
2020-01-27 00:00:00+05:30,-0.008685720304284517
2020-01-28 00:00:00+05:30,-0.002116672082988499
2020-01-29 00:00:00+05:30,0.006196763474967998
2020-01-30 00:00:00+05:30,-0.002325205990476892
2020-01-31 00:00:00+05:30,0.008601549840778988
2020-02-03 00:00:00+05:30,-0.020012998164217206
2020-02-04 00:00:00+05:30,0.015574873024202398
2020-02-05 00:00:00+05:30,0.005295270043353796
2020-02-06 00:00:00+05:30,0.006562091775487357
2020-02-07 00:00:00+05:30,-0.0021328181918472385
2020-02-10 00:00:00+05:30,-0.001920293049445917
2020-02-11 00:00:00+05:30,0.004041471245018405
2020-02-12 00:00:00+05:30,0.0021504637125275877
2020-02-13 00:00:00+05:30,-0.0021124792032390038
2020-02-14 00:00:00+05:30,-0.0043868676186814975
2020-02-17 00:00:00+05:30,-0.0030794498372961887
2020-02-18 00:00:00+05:30,-0.0014089954324312762
2020-02-19 00:00:00+05:30,0.0037498252051543714
2020-02-20 00:00:00+05:30,0.003623682535500259
2020-02-24 00:00:00+05:30,-0.00801399135031856
2020-02-25 00:00:00+05:30,0.0003393893268234171
2020-02-26 00:00:00+05:30,-0.0013080984784861983
2020-02-27 00:00:00+05:30,-0.0031123286928779075
2020-02-28 00:00:00+05:30,-0.017006993054292464
2020-03-02 00:00:00+05:30,-0.00760762223485696
2020-03-03 00:00:00+05:30,0.004218517073851069
2020-03-04 00:00:00+05:30,-0.0135868609831355
2020-03-05 00:00:00+05:30,0.0043454429980047445
2020-03-06 00:00:00+05:30,-0.016171039169456836
2020-03-09 00:00:00+05:30,-0.017851756376122886
2020-03-11 00:00:00+05:30,-0.003407130565714322
2020-03-12 00:00:00+05:30,-0.052257581509440085
2020-03-13 00:00:00+05:30,0.037082384545799485
2020-03-16 00:00:00+05:30,-0.04148266885494273
2020-03-17 00:00:00+05:30,-0.025397130654604194
2020-03-18 00:00:00+05:30,-0.0385976177627987
2020-03-19 00:00:00+05:30,-0.007194303262357437
2020-03-20 00:00:00+05:30,0.001723958677741215
2020-03-23 00:00:00+05:30,-0.0897406338160941
2020-03-24 00:00:00+05:30,0.005619668616705296
2020-03-25 00:00:00+05:30,0.04225556028142061
2020-03-26 00:00:00+05:30,0.03328641686327942
2020-03-27 00:00:00+05:30,0.0016837420349993023
2020-03-30 00:00:00+05:30,-0.040517209709731196
2020-03-31 00:00:00+05:30,0.012049086464453473
2020-04-01 00:00:00+05:30,-0.023730374103630294
2020-04-03 00:00:00+05:30,-0.020561227606054343
2020-04-07 00:00:00+05:30,0.0462665652100229
2020-04-08 00:00:00+05:30,-0.0023844081503876994
2020-04-09 00:00:00+05:30,0.03479842015516401
2020-04-13 00:00:00+05:30,-0.012648754304439973
2020-04-15 00:00:00+05:30,-0.013828817263548034
2020-04-16 00:00:00+05:30,0.008892503590585792
2020-04-17 00:00:00+05:30,0.02638856901476678
2020-04-20 00:00:00+05:30,-0.00353282948984599
2020-04-21 00:00:00+05:30,-0.025808492262262457
2020-04-22 00:00:00+05:30,0.0013284094439205817
2020-04-23 00:00:00+05:30,0.012057108039421695
2020-04-24 00:00:00+05:30,-0.0201087184431293
2020-04-27 00:00:00+05:30,0.009541029899127388
2020-04-28 00:00:00+05:30,0.012900031895461054
2020-04-29 00:00:00+05:30,0.017138007522659968
2020-04-30 00:00:00+05:30,0.009951626926637544
2020-05-04 00:00:00+05:30,-0.041728817476858596
2020-05-05 00:00:00+05:30,-0.016714921519380026
2020-05-06 00:00:00+05:30,0.014864942649406989
2020-05-07 00:00:00+05:30,-0.013085843094570511
2020-05-08 00:00:00+05:30,-0.006805026562156541
2020-05-11 00:00:00+05:30,-0.009569688629001316
2020-05-12 00:00:00+05:30,0.005944494750919305
2020-05-13 00:00:00+05:30,0.02193899415936663
2020-05-14 00:00:00+05:30,-0.014559713528202536
2020-05-15 00:00:00+05:30,-0.004790449501842273
2020-05-18 00:00:00+05:30,-0.04010016465206806
2020-05-19 00:00:00+05:30,0.007844689442121936
2020-05-20 00:00:00+05:30,0.013087538053442541
2020-05-21 00:00:00+05:30,-0.002904749166342661
2020-05-22 00:00:00+05:30,-0.013781001712754514
2020-05-26 00:00:00+05:30,0.0023056662747579313
2020-05-27 00:00:00+05:30,0.035491709074011106
2020-05-28 00:00:00+05:30,0.012288284823229675
2020-05-29 00:00:00+05:30,0.005366838553736613
2020-06-01 00:00:00+05:30,0.01989945877153677
2020-06-02 00:00:00+05:30,0.015703930111726168
2020-06-03 00:00:00+05:30,0.011948314437618332
2020-06-04 00:00:00+05:30,-0.012868638406427454
2020-06-05 00:00:00+05:30,0.02338366071165461
2020-06-08 00:00:00+05:30,0.0014636294450011216
2020-06-09 00:00:00+05:30,-0.014300143105896869
2020-06-10 00:00:00+05:30,0.0038191251200633473
2020-06-11 00:00:00+05:30,-0.019905413220686945
2020-06-12 00:00:00+05:30,0.004991739222454604
2020-06-15 00:00:00+05:30,-0.021739413427385387
2020-06-16 00:00:00+05:30,0.010261153674164223
2020-06-17 00:00:00+05:30,-0.0007184049113761213
2020-06-18 00:00:00+05:30,0.022415760974583664
2020-06-19 00:00:00+05:30,0.009919012200507275
2020-06-22 00:00:00+05:30,0.011156400002959432
2020-06-23 00:00:00+05:30,0.015334637137082278
2020-06-24 00:00:00+05:30,-0.021674502935869228
2020-06-25 00:00:00+05:30,0.005745760191009723
2020-06-26 00:00:00+05:30,-0.0031189099792397874
2020-06-29 00:00:00+05:30,-0.0026845300224786857
2020-06-30 00:00:00+05:30,0.0008947984794750769
2020-07-01 00:00:00+05:30,0.014053994463696732
2020-07-02 00:00:00+05:30,-0.0011944605578472173
2020-07-03 00:00:00+05:30,-0.002905385921483258
2020-07-06 00:00:00+05:30,0.008490239028236108
2020-07-07 00:00:00+05:30,0.008661531775658579
2020-07-08 00:00:00+05:30,-0.00136168046816973
2020-07-09 00:00:00+05:30,0.010757037605173232
2020-07-10 00:00:00+05:30,-0.012707826062289913
2020-07-13 00:00:00+05:30,-0.009730333818172069
2020-07-14 00:00:00+05:30,-0.013518499193785716
2020-07-15 00:00:00+05:30,-0.003958886824821957
2020-07-16 00:00:00+05:30,0.0064819193670019514
2020-07-17 00:00:00+05:30,0.0098912554627305
2020-07-20 00:00:00+05:30,0.011190528735184427
2020-07-21 00:00:00+05:30,0.007265679231486253
2020-07-22 00:00:00+05:30,-0.0011090067155008943
2020-07-23 00:00:00+05:30,0.007733464445069472
2020-07-24 00:00:00+05:30,-0.01465685013321098
2020-07-27 00:00:00+05:30,-0.020812147377252815
2020-07-28 00:00:00+05:30,0.004758440217693852
2020-07-29 00:00:00+05:30,0.0019461348968169336
2020-07-30 00:00:00+05:30,-0.011284448993434467
2020-07-31 00:00:00+05:30,0.002048927011045562
2020-08-03 00:00:00+05:30,-0.01047493045593537
2020-08-04 00:00:00+05:30,0.008682325973845675
2020-08-05 00:00:00+05:30,0.0015262219309622998
2020-08-06 00:00:00+05:30,0.0037461800935044264
2020-08-07 00:00:00+05:30,0.0024085104172996996
2020-08-10 00:00:00+05:30,0.007359283922972002
2020-08-11 00:00:00+05:30,0.005784857830234556
2020-08-12 00:00:00+05:30,0.002785666602553737
2020-08-13 00:00:00+05:30,-0.0017657133368940352
2020-08-14 00:00:00+05:30,-0.01408170219541129
2020-08-17 00:00:00+05:30,8.041831173729989e-05
2020-08-18 00:00:00+05:30,0.010873338953416672
2020-08-19 00:00:00+05:30,0.004395900626033969
2020-08-20 00:00:00+05:30,-0.006989806408932452
2020-08-21 00:00:00+05:30,0.007243589584088024
2020-08-24 00:00:00+05:30,0.014660868581705774
2020-08-25 00:00:00+05:30,0.009273677132355149
2020-08-26 00:00:00+05:30,0.0009896655930371392
2020-08-27 00:00:00+05:30,0.0033620170501096327
2020-08-28 00:00:00+05:30,0.01765071945996235
2020-08-31 00:00:00+05:30,-0.019060980487081273
2020-09-01 00:00:00+05:30,0.010550514042283216
2020-09-02 00:00:00+05:30,-0.00020869324572215793
2020-09-03 00:00:00+05:30,-0.008529288813884428
2020-09-04 00:00:00+05:30,-0.011726283012201777
2020-09-07 00:00:00+05:30,-0.004361599788541417
2020-09-08 00:00:00+05:30,-0.006809475917563469
2020-09-09 00:00:00+05:30,-0.01459811654135479
2020-09-10 00:00:00+05:30,-0.0009498155558801541
2020-09-11 00:00:00+05:30,-0.00015756333107961326
2020-09-14 00:00:00+05:30,-0.015263234590959613
2020-09-15 00:00:00+05:30,0.008928780975071174
2020-09-16 00:00:00+05:30,0.002582127758688453
2020-09-17 00:00:00+05:30,-0.006007408243267263
2020-09-18 00:00:00+05:30,-0.005764697692249551
2020-09-21 00:00:00+05:30,-0.016258187106371794
2020-09-22 00:00:00+05:30,-0.004448162709110494
2020-09-23 00:00:00+05:30,-0.004223856268752673
2020-09-24 00:00:00+05:30,-0.01825541428684066
2020-09-25 00:00:00+05:30,0.015724296989703065
2020-09-28 00:00:00+05:30,0.017155603420656588
2020-09-29 00:00:00+05:30,-0.007678378973684874
2020-09-30 00:00:00+05:30,0.00033595580900064456
2020-10-01 00:00:00+05:30,0.018679942846863237
2020-10-05 00:00:00+05:30,-0.0037583962215340617
2020-10-06 00:00:00+05:30,0.011622515741930172
2020-10-07 00:00:00+05:30,-0.00214547948344468
2020-10-08 00:00:00+05:30,0.004227642081485966
2020-10-09 00:00:00+05:30,0.01652095093055
2020-10-12 00:00:00+05:30,-0.0032936131187034003
2020-10-13 00:00:00+05:30,-0.00665419522903306
2020-10-14 00:00:00+05:30,0.009072387997398738
2020-10-15 00:00:00+05:30,-0.019755886782524767
2020-10-16 00:00:00+05:30,0.011579499083383838
2020-10-19 00:00:00+05:30,0.015445706903267822
2020-10-20 00:00:00+05:30,0.00261173880971807
2020-10-21 00:00:00+05:30,0.011039607534448756
2020-10-22 00:00:00+05:30,0.0004380259126370129
2020-10-23 00:00:00+05:30,0.001795494132243185
2020-10-26 00:00:00+05:30,-0.007180199633318394
2020-10-27 00:00:00+05:30,0.017666818972865483
2020-10-28 00:00:00+05:30,-0.009052784990885554
2020-10-29 00:00:00+05:30,-0.00527644722175433
2020-10-30 00:00:00+05:30,-0.007659731826171795
2020-11-02 00:00:00+05:30,0.029946463306985895
2020-11-03 00:00:00+05:30,0.019358863067520698
2020-11-04 00:00:00+05:30,0.0008973686366456671
2020-11-05 00:00:00+05:30,0.013699238030136954
2020-11-06 00:00:00+05:30,0.005500147410076214
2020-11-09 00:00:00+05:30,0.013231273929595389
2020-11-10 00:00:00+05:30,0.026263445169755276
2020-11-11 00:00:00+05:30,0.011534172276569192
2020-11-12 00:00:00+05:30,-0.009537931438982962
2020-11-13 00:00:00+05:30,0.0020808582700454024
2020-11-14 00:00:00+05:30,0.003030240906944022
2020-11-17 00:00:00+05:30,0.015089065691794697
2020-11-18 00:00:00+05:30,0.01351330982258022
2020-11-19 00:00:00+05:30,-0.01720632728123903
2020-11-20 00:00:00+05:30,0.014252544844616789
2020-11-23 00:00:00+05:30,-0.008469189159059476
2020-11-24 00:00:00+05:30,0.012756017078023613
2020-11-25 00:00:00+05:30,-0.011839888715852299
2020-11-26 00:00:00+05:30,0.007843304450260357
2020-11-27 00:00:00+05:30,0.0024816763280086375
2020-12-01 00:00:00+05:30,0.0021855015347074583
2020-12-02 00:00:00+05:30,-0.007285389097431623
2020-12-03 00:00:00+05:30,0.002687603534240741
2020-12-04 00:00:00+05:30,0.012205969524678425
2020-12-07 00:00:00+05:30,0.002502565305306702
2020-12-08 00:00:00+05:30,-0.0012025009717509492
2020-12-09 00:00:00+05:30,0.0060286542244495245
2020-12-10 00:00:00+05:30,-0.002078426566332902
2020-12-11 00:00:00+05:30,0.0030141691748497576
2020-12-14 00:00:00+05:30,0.0036781533132651165
2020-12-15 00:00:00+05:30,0.0034731388541087956
2020-12-16 00:00:00+05:30,0.001630696753256161
2020-12-17 00:00:00+05:30,0.003886543982888061
2020-12-18 00:00:00+05:30,-0.0029078163231787677
2020-12-21 00:00:00+05:30,-0.02312768224388512
2020-12-22 00:00:00+05:30,0.0026848349963585405
2020-12-23 00:00:00+05:30,0.005210624183980481
2020-12-24 00:00:00+05:30,0.009281819756268298
2020-12-28 00:00:00+05:30,0.009210553892447508
2020-12-29 00:00:00+05:30,0.00595767173416644
2020-12-30 00:00:00+05:30,0.001828709710047609
2020-12-31 00:00:00+05:30,-0.0006342683129183365
2021-01-01 00:00:00+05:30,-0.0004736909965369165
2021-01-04 00:00:00+05:30,-0.003142392484806664
2021-01-05 00:00:00+05:30,0.002420076601023246
2021-01-06 00:00:00+05:30,0.004312112904907887
2021-01-07 00:00:00+05:30,0.003372282092595353
2021-01-08 00:00:00+05:30,0.0009457285057863163
2021-01-11 00:00:00+05:30,-0.0001277130216809268
2021-01-12 00:00:00+05:30,0.009324433516628655
2021-01-13 00:00:00+05:30,0.007045590320078888
2021-01-14 00:00:00+05:30,-0.0024635174230025108
2021-01-15 00:00:00+05:30,-0.0009303798659351476
2021-01-18 00:00:00+05:30,-0.00996697728100245
2021-01-19 00:00:00+05:30,0.010512902561510709
2021-01-20 00:00:00+05:30,0.0005212792768660834
2021-01-21 00:00:00+05:30,-0.0076260986617914545
2021-01-22 00:00:00+05:30,-0.015810649691681063
2021-01-25 00:00:00+05:30,0.0040543658343763
2021-01-27 00:00:00+05:30,-0.013567847430153025
2021-01-28 00:00:00+05:30,7.911222677207323e-05
2021-01-29 00:00:00+05:30,0.0015833648948180346
2021-02-01 00:00:00+05:30,0.049048111864746766
2021-02-02 00:00:00+05:30,0.026773645776702753
2021-02-03 00:00:00+05:30,0.005375427204399803
2021-02-04 00:00:00+05:30,0.014862362093988073
2021-02-05 00:00:00+05:30,0.012976436647537969
2021-02-08 00:00:00+05:30,0.0045745914573209765
2021-02-09 00:00:00+05:30,0.00010923141422701196
2021-02-10 00:00:00+05:30,-0.006392352278793893
2021-02-11 00:00:00+05:30,-0.0025266255650590536
2021-02-12 00:00:00+05:30,0.003101536768537012
2021-02-15 00:00:00+05:30,0.01977963060110798
2021-02-16 00:00:00+05:30,-0.001709668505315388
2021-02-17 00:00:00+05:30,-0.00338967440064537
2021-02-18 00:00:00+05:30,-0.0075476231681070125
2021-02-19 00:00:00+05:30,-0.013757278625622439
2021-02-22 00:00:00+05:30,-0.005161300811691353
2021-02-23 00:00:00+05:30,-0.0036770015609852245
2021-02-24 00:00:00+05:30,0.02170947503881241
2021-02-25 00:00:00+05:30,-0.00423729198375706
2021-02-26 00:00:00+05:30,-0.0269246824636925
2021-03-01 00:00:00+05:30,0.006425416781085285
2021-03-02 00:00:00+05:30,0.0019307017691476205
2021-03-03 00:00:00+05:30,0.011186952428270091
2021-03-04 00:00:00+05:30,-0.010197673589765298
2021-03-05 00:00:00+05:30,-0.007167961291282444
2021-03-08 00:00:00+05:30,-0.00025750433556465026
2021-03-09 00:00:00+05:30,0.00901580368474108
2021-03-10 00:00:00+05:30,0.0008240311599746091
2021-03-12 00:00:00+05:30,-0.005026261988299138
2021-03-15 00:00:00+05:30,-0.0050882972581280245
2021-03-16 00:00:00+05:30,-0.006117660575571055
2021-03-17 00:00:00+05:30,-0.00827547310835208
2021-03-18 00:00:00+05:30,-0.0007513324107063317
2021-03-19 00:00:00+05:30,0.001892009350555791
2021-03-22 00:00:00+05:30,-0.009528802270677126
2021-03-23 00:00:00+05:30,0.007074906636148463
2021-03-24 00:00:00+05:30,-0.01386015549642192
2021-03-25 00:00:00+05:30,-0.005185100105072499
2021-03-26 00:00:00+05:30,0.006952790374800499
2021-03-30 00:00:00+05:30,0.008429160084091315
2021-03-31 00:00:00+05:30,-0.008561257021188264
2021-04-01 00:00:00+05:30,0.008806130748006432
2021-04-05 00:00:00+05:30,-0.020690625367583176
2021-04-06 00:00:00+05:30,-0.003198727685626934
2021-04-07 00:00:00+05:30,0.008863098194930847
2021-04-08 00:00:00+05:30,-0.004729142002918622
2021-04-09 00:00:00+05:30,-0.005406982286472959
2021-04-12 00:00:00+05:30,-0.029039604380087496
2021-04-13 00:00:00+05:30,0.02279023140923902
2021-04-15 00:00:00+05:30,0.003320127331305227
2021-04-16 00:00:00+05:30,-0.002817890694559247
2021-04-19 00:00:00+05:30,-0.012795069964174503
2021-04-20 00:00:00+05:30,-9.688966112217552e-05
2021-04-22 00:00:00+05:30,0.014152458652224795
2021-04-23 00:00:00+05:30,-0.0027478758546202295
2021-04-26 00:00:00+05:30,0.007682519195415001
2021-04-27 00:00:00+05:30,0.008276127034923697
2021-04-28 00:00:00+05:30,0.019602483651063887
2021-04-29 00:00:00+05:30,-0.0010236143195127044
2021-04-30 00:00:00+05:30,-0.013528320931952657
2021-05-03 00:00:00+05:30,0.0008169203991664764
2021-05-04 00:00:00+05:30,-0.003192587481922832
2021-05-05 00:00:00+05:30,0.007318844729221106
2021-05-06 00:00:00+05:30,0.0014295249533567032
2021-05-07 00:00:00+05:30,0.0026639333255218094
2021-05-10 00:00:00+05:30,0.0051703671900242025
2021-05-11 00:00:00+05:30,-0.005562560418127737
2021-05-12 00:00:00+05:30,-0.0036153869580014416
2021-05-14 00:00:00+05:30,-0.004924959453313716
2021-05-17 00:00:00+05:30,0.01955806339764505
2021-05-18 00:00:00+05:30,0.006430656979698499
2021-05-19 00:00:00+05:30,-0.005525380709982237
2021-05-20 00:00:00+05:30,-0.005986541741122332
2021-05-21 00:00:00+05:30,0.021197841568009634
2021-05-24 00:00:00+05:30,0.006722377608608766
2021-05-25 00:00:00+05:30,-0.004142192637344923
2021-05-26 00:00:00+05:30,0.0011406171551429022
2021-05-27 00:00:00+05:30,0.00480732639926423
2021-05-28 00:00:00+05:30,-0.0019906480963893546
2021-05-31 00:00:00+05:30,0.005375687907219099
2021-06-01 00:00:00+05:30,0.00019590843386502752
2021-06-02 00:00:00+05:30,-0.002065273774990822
2021-06-03 00:00:00+05:30,0.0073262981713353
2021-06-04 00:00:00+05:30,-0.003548531047120935
2021-06-07 00:00:00+05:30,-0.001657084710516043
2021-06-08 00:00:00+05:30,-0.0037127303130215883
2021-06-09 00:00:00+05:30,-0.005012397751740148
2021-06-10 00:00:00+05:30,0.008471063166237148
2021-06-11 00:00:00+05:30,-0.0035535283569017423
2021-06-14 00:00:00+05:30,-0.0025114722808894136
2021-06-15 00:00:00+05:30,0.002884546375315872
2021-06-16 00:00:00+05:30,-0.003754322149542708
2021-06-17 00:00:00+05:30,-0.007852530964617185
2021-06-18 00:00:00+05:30,-0.000591625048653093
2021-06-21 00:00:00+05:30,0.0035208583558980072
2021-06-22 00:00:00+05:30,-0.0008799820763964237
2021-06-23 00:00:00+05:30,-0.0009544802227240629
2021-06-24 00:00:00+05:30,0.003504400621899258
2021-06-25 00:00:00+05:30,0.011013773970839821
2021-06-28 00:00:00+05:30,-0.0012569232808336927
2021-06-29 00:00:00+05:30,-0.00611223847383814
2021-06-30 00:00:00+05:30,-0.003396673916562317
2021-07-01 00:00:00+05:30,-0.0010558686457403628
2021-07-02 00:00:00+05:30,0.0015842871538373452
2021-07-05 00:00:00+05:30,0.006850629765593735
2021-07-06 00:00:00+05:30,0.00793792000718259
2021-07-07 00:00:00+05:30,0.0029567126906428678
2021-07-08 00:00:00+05:30,-0.008449173477311313
2021-07-09 00:00:00+05:30,-0.000968249973658204
2021-07-12 00:00:00+05:30,0.0006767219569208949
2021-07-13 00:00:00+05:30,0.006431880374608785
2021-07-14 00:00:00+05:30,0.0007494872535464519
2021-07-15 00:00:00+05:30,0.004339385708899019
2021-07-16 00:00:00+05:30,-0.00025448754316974146
2021-07-19 00:00:00+05:30,-0.010216344281806435
2021-07-20 00:00:00+05:30,-0.011813741259799079
2021-07-22 00:00:00+05:30,0.008650457028717676
2021-07-23 00:00:00+05:30,0.006247428654906064
2021-07-26 00:00:00+05:30,-0.0014417173100221199
2021-07-27 00:00:00+05:30,0.0003427434926744407
2021-07-28 00:00:00+05:30,-0.002288006615277717
2021-07-29 00:00:00+05:30,0.004379681826126599
2021-07-30 00:00:00+05:30,-0.0029104224681433402
2021-08-02 00:00:00+05:30,0.0004140380768249837
2021-08-03 00:00:00+05:30,0.009162627640669187
2021-08-04 00:00:00+05:30,0.012476611733769733
2021-08-05 00:00:00+05:30,-0.0005592468218683943
2021-08-06 00:00:00+05:30,-0.00023073209154227245
2021-08-09 00:00:00+05:30,0.0009074916914638136
2021-08-10 00:00:00+05:30,0.001033983392459487
2021-08-11 00:00:00+05:30,-0.004835384773502601
2021-08-12 00:00:00+05:30,0.0028563414894632972
2021-08-13 00:00:00+05:30,0.003701016319024159
2021-08-16 00:00:00+05:30,-0.0019454581676336073
2021-08-17 00:00:00+05:30,-0.00516059683241029
2021-08-18 00:00:00+05:30,-0.00413939038532611
2021-08-20 00:00:00+05:30,-0.008818829849316595
2021-08-23 00:00:00+05:30,0.0020806421656037466
2021-08-24 00:00:00+05:30,0.009228964378030304
2021-08-25 00:00:00+05:30,-0.004240433879313362
2021-08-26 00:00:00+05:30,-0.004574798885618504
2021-08-27 00:00:00+05:30,0.002118773099086992
2021-08-30 00:00:00+05:30,0.013360935956710753
2021-08-31 00:00:00+05:30,0.009879472245087138
2021-09-01 00:00:00+05:30,0.0014119351404405418
2021-09-02 00:00:00+05:30,0.0002847021838780872
2021-09-03 00:00:00+05:30,-0.0029747827704481363
2021-09-06 00:00:00+05:30,-0.003887892276739305
2021-09-07 00:00:00+05:30,-0.0004395327066147167
2021-09-08 00:00:00+05:30,0.004434401839815739
2021-09-09 00:00:00+05:30,0.0006452630982260814
2021-09-13 00:00:00+05:30,-0.00019242940701136085
2021-09-14 00:00:00+05:30,0.00105149318297218
2021-09-15 00:00:00+05:30,0.005430651875693656
2021-09-16 00:00:00+05:30,0.011183830378082491
2021-09-17 00:00:00+05:30,0.007287298323244457
2021-09-20 00:00:00+05:30,-0.009673689519629443
2021-09-21 00:00:00+05:30,0.002400998456523453
2021-09-22 00:00:00+05:30,-0.004812747341411338
2021-09-23 00:00:00+05:30,0.011578674138536292
2021-09-24 00:00:00+05:30,0.0017901362520747798
2021-09-27 00:00:00+05:30,0.0054699107414291435
2021-09-28 00:00:00+05:30,-0.005766337191753566
2021-09-29 00:00:00+05:30,-0.001001126769192613
2021-09-30 00:00:00+05:30,-0.004153328326167504
2021-10-01 00:00:00+05:30,-0.005157204761544531
2021-10-04 00:00:00+05:30,0.0055729978103009805
2021-10-05 00:00:00+05:30,0.00030668023837036136
2021-10-06 00:00:00+05:30,-0.0017917092487654347
2021-10-07 00:00:00+05:30,0.0010970614971464313
2021-10-08 00:00:00+05:30,-0.0035078545952550904
2021-10-11 00:00:00+05:30,0.01437626615373205
2021-10-12 00:00:00+05:30,0.003652597548956148
2021-10-13 00:00:00+05:30,0.0026486728966455065
2021-10-14 00:00:00+05:30,0.011185491163787288
2021-10-18 00:00:00+05:30,0.002837709396827076
2021-10-19 00:00:00+05:30,-0.0003347699824512128
2021-10-20 00:00:00+05:30,0.0039269960237685595
2021-10-21 00:00:00+05:30,0.009573785777899874
2021-10-22 00:00:00+05:30,0.0009242216118012923
2021-10-25 00:00:00+05:30,0.00819381761003672
2021-10-26 00:00:00+05:30,0.0027815860805241576
2021-10-27 00:00:00+05:30,-0.003194584785903235
2021-10-28 00:00:00+05:30,-0.018453270127747057
2021-10-29 00:00:00+05:30,-0.003940620859075491
2021-11-01 00:00:00+05:30,0.010433599533902174
2021-11-02 00:00:00+05:30,0.0029833463872042353
2021-11-03 00:00:00+05:30,-0.005134148076122498
2021-11-04 00:00:00+05:30,0.0027712610447551303
2021-11-08 00:00:00+05:30,0.003428272499977825
2021-11-09 00:00:00+05:30,-0.0030597617128625973
2021-11-10 00:00:00+05:30,-0.0021247823977984734
2021-11-11 00:00:00+05:30,-0.008274058300481776
2021-11-12 00:00:00+05:30,0.003297720648712828
2021-11-15 00:00:00+05:30,-0.0009142918843598319
2021-11-16 00:00:00+05:30,-0.0033765216990524873
2021-11-17 00:00:00+05:30,-0.0013757475520007334
2021-11-18 00:00:00+05:30,-0.0011379822627071035
2021-11-22 00:00:00+05:30,-0.011432107825653924
2021-11-23 00:00:00+05:30,0.00422151030465562
2021-11-24 00:00:00+05:30,0.003035426404570077
2021-11-25 00:00:00+05:30,-0.003116415990731435
2021-11-26 00:00:00+05:30,-0.021343519213245392
2021-11-29 00:00:00+05:30,7.415580537285479e-05
2021-11-30 00:00:00+05:30,-0.004520753714076805
2021-12-01 00:00:00+05:30,0.006024318345626767
2021-12-02 00:00:00+05:30,0.003166283038337889
2021-12-03 00:00:00+05:30,-0.005515250510346261
2021-12-06 00:00:00+05:30,-0.006312917498095731
2021-12-07 00:00:00+05:30,0.013115449550337352
2021-12-08 00:00:00+05:30,0.011883743763421559
2021-12-09 00:00:00+05:30,-0.0023283827599806456
2021-12-10 00:00:00+05:30,-0.0008767910485156702
2021-12-13 00:00:00+05:30,-0.0040257915064330135
2021-12-14 00:00:00+05:30,-0.003654985277607023
2021-12-15 00:00:00+05:30,-0.0019878501517614456
2021-12-16 00:00:00+05:30,-0.002835546604632572
2021-12-17 00:00:00+05:30,-0.012893707294978168
2021-12-20 00:00:00+05:30,-0.01810868677518267
2021-12-21 00:00:00+05:30,0.0008287758515503605
2021-12-22 00:00:00+05:30,0.008063040457656396
2021-12-23 00:00:00+05:30,0.003025603357108836
2021-12-24 00:00:00+05:30,-0.005525549847029122
2021-12-27 00:00:00+05:30,0.004129079043972549
2021-12-28 00:00:00+05:30,0.002325171268582291
2021-12-29 00:00:00+05:30,-0.0037896292443426382
2021-12-30 00:00:00+05:30,-0.00040183430797210203
2021-12-31 00:00:00+05:30,0.00860299666979794
2022-01-03 00:00:00+05:30,0.013689457774418788
2022-01-04 00:00:00+05:30,0.006328634511262011
2022-01-05 00:00:00+05:30,0.014612001600376123
2022-01-06 00:00:00+05:30,-0.00116952640232443
2022-01-07 00:00:00+05:30,-0.00015918829234566525
2022-01-10 00:00:00+05:30,0.010509884002262281
2022-01-11 00:00:00+05:30,-0.0005145021757577168
2022-01-12 00:00:00+05:30,0.004841041047017732
2022-01-13 00:00:00+05:30,-0.004193810961538453
2022-01-14 00:00:00+05:30,-0.00042168177280707433
2022-01-17 00:00:00+05:30,-0.001487203321809019
2022-01-18 00:00:00+05:30,-0.0018380887639968559
2022-01-19 00:00:00+05:30,-0.002308337969649783
2022-01-20 00:00:00+05:30,0.000312962612826412
2022-01-21 00:00:00+05:30,-0.005868094304524788
2022-01-24 00:00:00+05:30,-0.01109404923801979
2022-01-25 00:00:00+05:30,0.012650454226384653
2022-01-27 00:00:00+05:30,0.005370551309785677
2022-01-28 00:00:00+05:30,-0.004007896069415045
2022-01-31 00:00:00+05:30,0.0063589985230597754
2022-02-01 00:00:00+05:30,0.004415400781579334
2022-02-02 00:00:00+05:30,0.010795737408292077
2022-02-03 00:00:00+05:30,-0.00402043041618026
2022-02-04 00:00:00+05:30,-0.0019237339155586794
2022-02-07 00:00:00+05:30,-0.013286493782952803
2022-02-08 00:00:00+05:30,9.851022223668349e-05
2022-02-09 00:00:00+05:30,0.00844659766796667
2022-02-10 00:00:00+05:30,0.006956281052800877
2022-02-11 00:00:00+05:30,-0.007533053483688625
2022-02-14 00:00:00+05:30,-0.02627511859660862
2022-02-15 00:00:00+05:30,0.020157332690267753
2022-02-16 00:00:00+05:30,-0.002394726161272231
2022-02-17 00:00:00+05:30,-0.005700732180342342
2022-02-18 00:00:00+05:30,0.0013062435951675059
2022-02-21 00:00:00+05:30,0.002052821155216281
2022-02-22 00:00:00+05:30,-0.0035118396081272388
2022-02-23 00:00:00+05:30,0.0014744882085628728
2022-02-24 00:00:00+05:30,-0.028413395785499396
2022-02-25 00:00:00+05:30,0.016993337066536343
2022-02-28 00:00:00+05:30,-0.005157769143735842
2022-03-02 00:00:00+05:30,-0.017239994167550128
2022-03-03 00:00:00+05:30,-0.00500128738609428
2022-03-04 00:00:00+05:30,-0.0072871701719554914
2022-03-07 00:00:00+05:30,-0.019514363845101336
2022-03-08 00:00:00+05:30,0.0027171068734047473
2022-03-09 00:00:00+05:30,0.010027915453144673
2022-03-10 00:00:00+05:30,0.01087479893208148
2022-03-11 00:00:00+05:30,0.0017051310004716337
2022-03-14 00:00:00+05:30,0.015381212658009926
2022-03-15 00:00:00+05:30,-0.0027656731960737906
2022-03-16 00:00:00+05:30,0.009287232990034974
2022-03-17 00:00:00+05:30,0.011465923276677586
2022-03-21 00:00:00+05:30,-0.006339547061803247
2022-03-22 00:00:00+05:30,0.005202209133833962
2022-03-23 00:00:00+05:30,-0.005736227048883725
2022-03-24 00:00:00+05:30,-0.010847497661396172
2022-03-25 00:00:00+05:30,-0.0013072592609114067
2022-03-28 00:00:00+05:30,0.00595486012877763
2022-03-29 00:00:00+05:30,0.004307344052024634
2022-03-30 00:00:00+05:30,0.006505107777470214
2022-03-31 00:00:00+05:30,-0.0001299040624691358
2022-04-01 00:00:00+05:30,0.011179645732031297
2022-04-04 00:00:00+05:30,0.024100702522656975
2022-04-05 00:00:00+05:30,-0.008307351617454004
2022-04-06 00:00:00+05:30,-0.005336979575322889
2022-04-07 00:00:00+05:30,-0.0030298390735659553
2022-04-08 00:00:00+05:30,0.0018053926331191724
2022-04-11 00:00:00+05:30,-0.0032331373015424625
2022-04-12 00:00:00+05:30,0.00044133127703692887
2022-04-13 00:00:00+05:30,-0.002586262547660259
2022-04-18 00:00:00+05:30,-0.011563626743270076
2022-04-19 00:00:00+05:30,-0.010095406115009895
2022-04-20 00:00:00+05:30,-0.0035668823508046405
2022-04-21 00:00:00+05:30,0.005754477319142018
2022-04-22 00:00:00+05:30,-0.009010838804979642
2022-04-25 00:00:00+05:30,0.0013743462970820207
2022-04-26 00:00:00+05:30,0.005723014914588735
2022-04-27 00:00:00+05:30,-0.00946556671816641
2022-04-28 00:00:00+05:30,0.00380526992706584
2022-04-29 00:00:00+05:30,-0.003436361710681411
2022-05-02 00:00:00+05:30,0.00015153242683362813
2022-05-04 00:00:00+05:30,-0.013216506099175983
2022-05-05 00:00:00+05:30,0.00179999636057827
2022-05-06 00:00:00+05:30,-0.00879017779313868
2022-05-09 00:00:00+05:30,-0.0009064801005942702
2022-05-10 00:00:00+05:30,0.003715136225269186
2022-05-11 00:00:00+05:30,0.0021766316979567875
2022-05-12 00:00:00+05:30,-0.01627634001685499
2022-05-13 00:00:00+05:30,-0.011569003922780981
2022-05-16 00:00:00+05:30,0.009032451411062778
2022-05-17 00:00:00+05:30,0.011808035989902783
2022-05-18 00:00:00+05:30,-0.004250816457202368
2022-05-19 00:00:00+05:30,-0.010284986959480281
2022-05-20 00:00:00+05:30,0.013420412648453516
2022-05-23 00:00:00+05:30,-0.0010960604996681045
2022-05-24 00:00:00+05:30,0.002296978598611501
2022-05-25 00:00:00+05:30,0.005812187927355265
2022-05-26 00:00:00+05:30,0.011915050185256614
2022-05-27 00:00:00+05:30,0.007784081827195902
2022-05-30 00:00:00+05:30,0.0016491816768143376
2022-05-31 00:00:00+05:30,-0.0050089186857612406
2022-06-01 00:00:00+05:30,0.0010264064715379783
2022-06-02 00:00:00+05:30,-0.003608877480998005
2022-06-03 00:00:00+05:30,-0.006124453629546552
2022-06-06 00:00:00+05:30,0.0005112316404962082
2022-06-07 00:00:00+05:30,-0.004083667154388515
2022-06-08 00:00:00+05:30,-0.00011013369870244063
2022-06-09 00:00:00+05:30,0.0010307918221381567
2022-06-10 00:00:00+05:30,-0.009430682099703068
2022-06-13 00:00:00+05:30,-0.01546797197486693
2022-06-14 00:00:00+05:30,0.00106387827239333
2022-06-15 00:00:00+05:30,0.0021177043383795056
2022-06-16 00:00:00+05:30,-0.014250600091631642
2022-06-17 00:00:00+05:30,0.002506948042087059
2022-06-20 00:00:00+05:30,0.0019149455127210407
2022-06-21 00:00:00+05:30,0.008801168168725417
2022-06-22 00:00:00+05:30,-0.005199071428890081
2022-06-23 00:00:00+05:30,0.0060138357460589485
2022-06-24 00:00:00+05:30,0.007330690072482026
2022-06-27 00:00:00+05:30,0.0048583118205617875
2022-06-28 00:00:00+05:30,-0.0030431534880053642
2022-06-29 00:00:00+05:30,-0.0044946708579414575
2022-06-30 00:00:00+05:30,0.003454337033490136
2022-07-01 00:00:00+05:30,0.006002837539367596
2022-07-04 00:00:00+05:30,0.006672135118433839
2022-07-05 00:00:00+05:30,-0.0023303929463325953
2022-07-06 00:00:00+05:30,0.010099113153640727
2022-07-07 00:00:00+05:30,0.008761641462872326
2022-07-08 00:00:00+05:30,0.005108609217493649
2022-07-11 00:00:00+05:30,0.0013486973799929176
2022-07-12 00:00:00+05:30,-0.004224710946446598
2022-07-13 00:00:00+05:30,-0.00377416152671421
2022-07-14 00:00:00+05:30,-0.0025685552948816913
2022-07-15 00:00:00+05:30,0.0037539727993364707
2022-07-18 00:00:00+05:30,0.008770701585321982
2022-07-19 00:00:00+05:30,0.0035235716091302936
2022-07-20 00:00:00+05:30,0.0020604075617880408
2022-07-21 00:00:00+05:30,0.003018676392272333
2022-07-22 00:00:00+05:30,0.007556286989859316
2022-07-25 00:00:00+05:30,0.0014422276226888266
2022-07-26 00:00:00+05:30,-0.0028163177508608367
2022-07-27 00:00:00+05:30,0.004961676541438703
2022-07-28 00:00:00+05:30,0.010203092516791362
2022-07-29 00:00:00+05:30,0.0007820722995059255
2022-08-01 00:00:00+05:30,0.007545997559365425
2022-08-02 00:00:00+05:30,-1.4057739246594106e-05
2022-08-03 00:00:00+05:30,-0.00200708243962747
2022-08-04 00:00:00+05:30,-0.0026745338614267405
2022-08-05 00:00:00+05:30,0.0024333012714359403
2022-08-08 00:00:00+05:30,0.004061529980028025
2022-08-10 00:00:00+05:30,-0.0007596849099889972
2022-08-11 00:00:00+05:30,0.007415617613054049
2022-08-12 00:00:00+05:30,0.0013300875254068211
2022-08-16 00:00:00+05:30,0.0012095274714144068
2022-08-17 00:00:00+05:30,0.004385361901590126
2022-08-18 00:00:00+05:30,0.005316948872032195
2022-08-19 00:00:00+05:30,-0.007698078242473046
2022-08-22 00:00:00+05:30,-0.010890243318219087
2022-08-23 00:00:00+05:30,0.006607709254759328
2022-08-24 00:00:00+05:30,0.002416249950995256
2022-08-25 00:00:00+05:30,-0.0012205100993430266
2022-08-26 00:00:00+05:30,0.0022515140776641117
2022-08-29 00:00:00+05:30,-0.00968763035711203
2022-08-30 00:00:00+05:30,0.01837799032386203
2022-09-01 00:00:00+05:30,-0.0008838944875410532
2022-09-02 00:00:00+05:30,0.0044579448220242205
2022-09-05 00:00:00+05:30,0.004220839212714714
2022-09-06 00:00:00+05:30,-0.0014449426384978657
2022-09-07 00:00:00+05:30,-0.003324790225023137
2022-09-08 00:00:00+05:30,0.010738976714973425
2022-09-09 00:00:00+05:30,0.0012192666087486018
2022-09-12 00:00:00+05:30,0.0013073934587930556
2022-09-13 00:00:00+05:30,0.0057066190155473755
2022-09-14 00:00:00+05:30,0.009115822470262491
2022-09-15 00:00:00+05:30,-0.0015438381157466883
2022-09-16 00:00:00+05:30,-0.004930164355446448
2022-09-19 00:00:00+05:30,0.004033734514251301
2022-09-20 00:00:00+05:30,0.0068660658992106775
2022-09-21 00:00:00+05:30,-0.003025595893966306
2022-09-22 00:00:00+05:30,-0.006785507881023846
2022-09-23 00:00:00+05:30,-0.013546340608530036
2022-09-26 00:00:00+05:30,-0.012434055628376928
2022-09-27 00:00:00+05:30,-0.006360136012679535
2022-09-28 00:00:00+05:30,-0.007621449420448338
2022-09-29 00:00:00+05:30,-0.0022202453204724507
2022-09-30 00:00:00+05:30,0.01604050412119496
2022-10-03 00:00:00+05:30,-0.00816500240894275
2022-10-04 00:00:00+05:30,0.013687966389029419
2022-10-06 00:00:00+05:30,0.00048616467135635276
2022-10-07 00:00:00+05:30,-0.0017587831776838788
2022-10-10 00:00:00+05:30,-0.002563920558286795
2022-10-11 00:00:00+05:30,-0.00431625970797962
2022-10-12 00:00:00+05:30,0.0038191670235930447
2022-10-13 00:00:00+05:30,-0.008513787151650565
2022-10-14 00:00:00+05:30,0.012026630966301412
2022-10-17 00:00:00+05:30,0.006931251545557662
2022-10-18 00:00:00+05:30,0.006140972948762836
2022-10-19 00:00:00+05:30,3.7280940038814147e-05
2022-10-20 00:00:00+05:30,-0.0009043586271612171
2022-10-21 00:00:00+05:30,0.0057426946657760025
2022-10-24 00:00:00+05:30,0.00798309432531065
2022-10-25 00:00:00+05:30,-0.0002483970172320819
2022-10-27 00:00:00+05:30,0.0022226590017111747
2022-10-28 00:00:00+05:30,-0.0032348776391343797
2022-10-31 00:00:00+05:30,0.0077066484189428075
2022-11-01 00:00:00+05:30,0.0012457602878971593
2022-11-02 00:00:00+05:30,-0.003360520819528653
2022-11-03 00:00:00+05:30,0.0017122012512177233
2022-11-04 00:00:00+05:30,-3.508371312504121e-05
2022-11-07 00:00:00+05:30,0.006050887028560784
2022-11-09 00:00:00+05:30,0.00027146440450991527
2022-11-10 00:00:00+05:30,-0.0011473936840413132
2022-11-11 00:00:00+05:30,0.006641863653205532
2022-11-14 00:00:00+05:30,-0.0020827547492759473
2022-11-15 00:00:00+05:30,0.00470502192368753
2022-11-16 00:00:00+05:30,0.0028986395968359736
2022-11-17 00:00:00+05:30,-0.0012104452012300093
2022-11-18 00:00:00+05:30,-0.001331106648510679
2022-11-21 00:00:00+05:30,-0.0012947719223810141
2022-11-22 00:00:00+05:30,-0.0006731251482759162
2022-11-23 00:00:00+05:30,0.004077820672178628
2022-11-24 00:00:00+05:30,0.0029616486343983514
2022-11-25 00:00:00+05:30,-0.0032442490784457484
2022-11-28 00:00:00+05:30,-0.0034466910037747487
2022-11-29 00:00:00+05:30,-0.001102608548118816
2022-11-30 00:00:00+05:30,0.0020698775914702724
2022-12-01 00:00:00+05:30,0.00023830558777237143
2022-12-02 00:00:00+05:30,-0.0026486297441917174
2022-12-05 00:00:00+05:30,0.0033343775962880644
2022-12-06 00:00:00+05:30,-0.003229053256898809
2022-12-07 00:00:00+05:30,-0.0009378276796756748
2022-12-08 00:00:00+05:30,0.003797462298584571
2022-12-09 00:00:00+05:30,0.002345714013652663
2022-12-12 00:00:00+05:30,-8.779086360963056e-05
2022-12-13 00:00:00+05:30,0.002691870984576797
2022-12-14 00:00:00+05:30,0.0021240965896554506
2022-12-15 00:00:00+05:30,-0.006256500443950477
2022-12-16 00:00:00+05:30,-0.0029557270888123785
2022-12-19 00:00:00+05:30,0.00443196400149019
2022-12-20 00:00:00+05:30,-0.003581289488992954
2022-12-21 00:00:00+05:30,-0.010024776817583035
2022-12-22 00:00:00+05:30,-0.001010617352006516
2022-12-23 00:00:00+05:30,-0.007733350987121082
2022-12-26 00:00:00+05:30,0.011166419060991292
2022-12-27 00:00:00+05:30,0.0030632050941220676
2022-12-28 00:00:00+05:30,-0.0014254965063770632
2022-12-29 00:00:00+05:30,0.006111023183588433
2022-12-30 00:00:00+05:30,-0.003406855543084025
2023-01-02 00:00:00+05:30,0.001211358077037994
2023-01-03 00:00:00+05:30,0.0026037092434555995
2023-01-04 00:00:00+05:30,-0.0057688389929491015
2023-01-05 00:00:00+05:30,-0.006947686717974662
2023-01-06 00:00:00+05:30,-0.00506094115807104
2023-01-09 00:00:00+05:30,0.002997731737995885
2023-01-10 00:00:00+05:30,-0.00997387488183886
2023-01-11 00:00:00+05:30,0.002110972435791602
2023-01-12 00:00:00+05:30,-0.0005031170610183366
2023-01-13 00:00:00+05:30,0.0030468180655251697
2023-01-16 00:00:00+05:30,-0.0015890177313630765
2023-01-17 00:00:00+05:30,0.0007635566115016014
2023-01-18 00:00:00+05:30,0.005060362470833196
2023-01-19 00:00:00+05:30,-0.0006649932741148299
2023-01-20 00:00:00+05:30,0.00250575916015387
2023-01-23 00:00:00+05:30,0.003931624773298552
2023-01-24 00:00:00+05:30,-0.000450851605945012
2023-01-25 00:00:00+05:30,-0.012486586172808754
2023-01-27 00:00:00+05:30,-0.014601976949083512
2023-01-30 00:00:00+05:30,0.001623921117835201
2023-01-31 00:00:00+05:30,0.0043608028396046284
2023-02-01 00:00:00+05:30,-0.001542415443628195
2023-02-02 00:00:00+05:30,0.0004088175829848862
2023-02-03 00:00:00+05:30,0.015296985690860288
2023-02-06 00:00:00+05:30,-0.0018670785528438175
2023-02-07 00:00:00+05:30,0.0012878467869374146
2023-02-08 00:00:00+05:30,-0.0005007119073772086
2023-02-09 00:00:00+05:30,-0.00019601900132239106
2023-02-10 00:00:00+05:30,0.0013405950483242437
2023-02-13 00:00:00+05:30,-0.003098749658906632
2023-02-14 00:00:00+05:30,0.0048103327072559175
2023-02-15 00:00:00+05:30,0.0008817787479677018
2023-02-16 00:00:00+05:30,-0.0021320842977617612
2023-02-17 00:00:00+05:30,-0.004933749323074217
2023-02-20 00:00:00+05:30,-0.00492406907743306
2023-02-21 00:00:00+05:30,-4.030804129690271e-06
2023-02-22 00:00:00+05:30,-0.008438879087111113
2023-02-23 00:00:00+05:30,0.00040919872923480725
2023-02-24 00:00:00+05:30,-0.002654788747048297
2023-02-27 00:00:00+05:30,0.005495051315130243
2023-02-28 00:00:00+05:30,-0.0016266292923352048
2023-03-01 00:00:00+05:30,0.004526450113680463
2023-03-02 00:00:00+05:30,-0.004858110464914871
2023-03-03 00:00:00+05:30,0.01397034497138101
2023-03-06 00:00:00+05:30,0.0010044068710325879
2023-03-08 00:00:00+05:30,7.433962979526388e-05
2023-03-09 00:00:00+05:30,-0.0019625950125797373
2023-03-10 00:00:00+05:30,-0.009282252622513075
2023-03-13 00:00:00+05:30,-0.009444159440740597
2023-03-14 00:00:00+05:30,-0.001572070742217649
2023-03-15 00:00:00+05:30,-0.00393243192784036
2023-03-16 00:00:00+05:30,0.001494769417665243
2023-03-17 00:00:00+05:30,0.007746276293587302
2023-03-20 00:00:00+05:30,-0.004663591607372798
2023-03-21 00:00:00+05:30,0.006565843675246536
2023-03-22 00:00:00+05:30,0.0005085032069412001
2023-03-23 00:00:00+05:30,-0.0034516670856140517
2023-03-24 00:00:00+05:30,-0.0032369551863559443
2023-03-27 00:00:00+05:30,0.00023036128864604728
2023-03-28 00:00:00+05:30,-0.0006982930572067364
2023-03-29 00:00:00+05:30,0.004468265257420429
2023-03-31 00:00:00+05:30,0.005056645442409502
2023-04-03 00:00:00+05:30,0.004530708903125893
2023-04-05 00:00:00+05:30,0.005002289385844275
2023-04-06 00:00:00+05:30,0.003360867488395788
2023-04-10 00:00:00+05:30,-0.001817369801907222
2023-04-11 00:00:00+05:30,0.009000605681411044
2023-04-12 00:00:00+05:30,0.0010724723942695767
2023-04-13 00:00:00+05:30,0.0047908746139794355
2023-04-17 00:00:00+05:30,0.0004823151009294511
2023-04-18 00:00:00+05:30,-0.0005916162086096574
2023-04-19 00:00:00+05:30,0.0003209842901824128
2023-04-20 00:00:00+05:30,0.0023286108413593425
2023-04-21 00:00:00+05:30,-0.002261504212424279
2023-04-24 00:00:00+05:30,0.005832390207224831
2023-04-25 00:00:00+05:30,0.001497056437401921
2023-04-26 00:00:00+05:30,0.0019140781654553183
2023-04-27 00:00:00+05:30,0.005141836435842979
2023-04-28 00:00:00+05:30,0.005208165658745446
2023-05-02 00:00:00+05:30,-0.0011111296352392325
2023-05-03 00:00:00+05:30,-0.0011097117291837236
2023-05-04 00:00:00+05:30,0.0069717663620926665
2023-05-05 00:00:00+05:30,-0.010827859866707206
2023-05-08 00:00:00+05:30,0.008094652069736202
2023-05-09 00:00:00+05:30,-0.003913360177168522
2023-05-10 00:00:00+05:30,0.0012695676174412486
2023-05-11 00:00:00+05:30,-0.001294995548386497
2023-05-12 00:00:00+05:30,0.0038764886687355352
2023-05-15 00:00:00+05:30,0.0033106868171805318
2023-05-16 00:00:00+05:30,-0.0012959346599362076
2023-05-17 00:00:00+05:30,-0.0020253724871911807
2023-05-18 00:00:00+05:30,0.0005094270078128986
2023-05-19 00:00:00+05:30,0.0022311216281661736
2023-05-22 00:00:00+05:30,-0.0018311243234832907
2023-05-23 00:00:00+05:30,-0.00011131062594419995
2023-05-24 00:00:00+05:30,-0.002873317164860388
2023-05-25 00:00:00+05:30,0.002873270275078703
2023-05-26 00:00:00+05:30,0.0016215245174513392
2023-05-29 00:00:00+05:30,0.0045907560493810414
2023-05-30 00:00:00+05:30,0.0018628062564636774
2023-05-31 00:00:00+05:30,0.0006796195885220738
2023-06-01 00:00:00+05:30,-0.007022084694240181
2023-06-02 00:00:00+05:30,0.0036073190611767537
2023-06-05 00:00:00+05:30,0.0014886040596149282
2023-06-06 00:00:00+05:30,0.0021931838810213423
2023-06-07 00:00:00+05:30,0.0008665137219071766
2023-06-08 00:00:00+05:30,-0.0031495577301226107
2023-06-09 00:00:00+05:30,-0.0007421170955294039
2023-06-12 00:00:00+05:30,-0.0014385730994223341
2023-06-13 00:00:00+05:30,-0.00033550436734282123
2023-06-14 00:00:00+05:30,-0.0024730390998135834
2023-06-15 00:00:00+05:30,-0.0060452516379443134
2023-06-16 00:00:00+05:30,0.00654550695232035
2023-06-19 00:00:00+05:30,-0.0029107036069534156
2023-06-20 00:00:00+05:30,0.0005679300948238611
2023-06-21 00:00:00+05:30,0.0017616440670614334
2023-06-22 00:00:00+05:30,0.00035761778872168363
2023-06-23 00:00:00+05:30,-0.0019414533845389984
2023-06-26 00:00:00+05:30,0.0007598087087793034
2023-06-27 00:00:00+05:30,0.0076318210799625995
2023-06-28 00:00:00+05:30,0.003326352699040234
2023-06-30 00:00:00+05:30,0.004044719182776494
2023-07-03 00:00:00+05:30,0.005111233299322325
2023-07-04 00:00:00+05:30,0.005112377277944764
2023-07-05 00:00:00+05:30,-0.003459844744769915
2023-07-06 00:00:00+05:30,4.3765687555848056e-05
2023-07-07 00:00:00+05:30,-0.004645510164533177
2023-07-10 00:00:00+05:30,-0.0013174392864051033
2023-07-11 00:00:00+05:30,-0.0024468446342808823
2023-07-12 00:00:00+05:30,-0.0016161367298091211
2023-07-13 00:00:00+05:30,0.000410266525600949
2023-07-14 00:00:00+05:30,-0.0019495510645548319
2023-07-17 00:00:00+05:30,0.008098752028510365
2023-07-18 00:00:00+05:30,-0.00276238609832476
2023-07-19 00:00:00+05:30,0.004354753680806413
2023-07-20 00:00:00+05:30,0.00844839153559883
2023-07-21 00:00:00+05:30,0.004429669381540652
2023-07-24 00:00:00+05:30,-0.002636605025306696
2023-07-25 00:00:00+05:30,-0.0011047435518381041
2023-07-26 00:00:00+05:30,0.0018648691000500727
2023-07-27 00:00:00+05:30,-0.00402758541924653
2023-07-28 00:00:00+05:30,-0.002518656979283943
2023-07-31 00:00:00+05:30,-0.0005798234910718799
2023-08-01 00:00:00+05:30,-0.000671560179045638
2023-08-02 00:00:00+05:30,-0.008662190440241808
2023-08-03 00:00:00+05:30,-0.00566160126971517
2023-08-04 00:00:00+05:30,0.0012949024807355602
2023-08-07 00:00:00+05:30,-0.0022003139121705545
2023-08-08 00:00:00+05:30,0.0017581205796876067
2023-08-09 00:00:00+05:30,0.00017032372269787496
2023-08-10 00:00:00+05:30,-0.004772066180737982
2023-08-11 00:00:00+05:30,-0.00414406949949052
2023-08-14 00:00:00+05:30,-0.004014076641041055
2023-08-16 00:00:00+05:30,-0.0010228108263765387
2023-08-17 00:00:00+05:30,-0.0009486549494889366
2023-08-18 00:00:00+05:30,-0.0009956361671050588
2023-08-21 00:00:00+05:30,0.003843577572573448
2023-08-22 00:00:00+05:30,3.8360525666043875e-05
2023-08-23 00:00:00+05:30,0.004956712302344521
2023-08-24 00:00:00+05:30,0.0004444610849109918
2023-08-25 00:00:00+05:30,-0.0030652951541380175
2023-08-28 00:00:00+05:30,0.004486975984225991
2023-08-29 00:00:00+05:30,0.001138385576836689
2023-08-30 00:00:00+05:30,-0.0036476525281694586
2023-08-31 00:00:00+05:30,-0.0026722547953747233
2023-09-01 00:00:00+05:30,0.006258571656760482
2023-09-04 00:00:00+05:30,0.000627596483263179
2023-09-05 00:00:00+05:30,-0.0006413714990443686
2023-09-06 00:00:00+05:30,0.001111555369514483
2023-09-07 00:00:00+05:30,0.005774661956851853
2023-09-08 00:00:00+05:30,0.0041714232639183495
2023-09-11 00:00:00+05:30,0.004039792158185252
2023-09-12 00:00:00+05:30,0.0018280048639582895
2023-09-13 00:00:00+05:30,0.004860682749095383
2023-09-14 00:00:00+05:30,0.0002720521331782821
2023-09-15 00:00:00+05:30,0.0036386441105103473
2023-09-18 00:00:00+05:30,-0.0036799735848752216
2023-09-20 00:00:00+05:30,-0.007846006966178699
2023-09-21 00:00:00+05:30,-0.007884191228962454
2023-09-22 00:00:00+05:30,-0.0017222177683014176
2023-09-25 00:00:00+05:30,0.004024093355359519
2023-09-26 00:00:00+05:30,-0.0007155580282794094
2023-09-27 00:00:00+05:30,-0.0018266054852261598
2023-09-28 00:00:00+05:30,1.8501951822198943e-05
2023-09-29 00:00:00+05:30,0.0039346089142611625
2023-10-03 00:00:00+05:30,-0.0011878455070911816
2023-10-04 00:00:00+05:30,-0.0059464968695219144
2023-10-05 00:00:00+05:30,0.0038785314188908232
2023-10-06 00:00:00+05:30,0.0030774989169963267
2023-10-09 00:00:00+05:30,-0.006840627593070314
2023-10-10 00:00:00+05:30,0.008154758729383834
2023-10-11 00:00:00+05:30,0.002071524901229288
2023-10-12 00:00:00+05:30,0.0007104534713967086
2023-10-13 00:00:00+05:30,-0.004826033103470873
2023-10-16 00:00:00+05:30,-0.0003915875692057962
2023-10-17 00:00:00+05:30,0.0037605338455566533
2023-10-18 00:00:00+05:30,-0.006033550330244053
2023-10-19 00:00:00+05:30,-0.002441954507695381
2023-10-20 00:00:00+05:30,-0.0013249877358873833
2023-10-23 00:00:00+05:30,-0.005015350706991765
2023-10-25 00:00:00+05:30,-0.0044610016951283455
2023-10-26 00:00:00+05:30,-0.009008448879997298
2023-10-27 00:00:00+05:30,0.00619174177433783
2023-10-30 00:00:00+05:30,0.0029399852158732104
2023-10-31 00:00:00+05:30,-0.0014459634724389582
2023-11-01 00:00:00+05:30,-0.0014935364062615161
2023-11-02 00:00:00+05:30,0.0027804278794123405
2023-11-03 00:00:00+05:30,0.003586950267529233
2023-11-06 00:00:00+05:30,0.0040298460817274435
2023-11-07 00:00:00+05:30,0.0011048515264402239
2023-11-08 00:00:00+05:30,-0.0013417513184924284
2023-11-09 00:00:00+05:30,6.073931037968178e-06
2023-11-10 00:00:00+05:30,0.002086808071757758
2023-11-13 00:00:00+05:30,-0.0007316934869914
2023-11-15 00:00:00+05:30,0.003168298769380804
2023-11-16 00:00:00+05:30,-0.0012158599471623777
2023-11-17 00:00:00+05:30,-0.008615173390991278
2023-11-20 00:00:00+05:30,-1.662461149932895e-05
2023-11-21 00:00:00+05:30,0.0015127141035735285
2023-11-22 00:00:00+05:30,-0.002547998960270723
2023-11-23 00:00:00+05:30,0.0009127091234775121
2023-11-24 00:00:00+05:30,0.0026706439638779496
2023-11-28 00:00:00+05:30,0.0016127610577660702
2023-11-29 00:00:00+05:30,0.0079712058101311
2023-11-30 00:00:00+05:30,0.001356048232608898
2023-12-01 00:00:00+05:30,0.004266419483721467
2023-12-04 00:00:00+05:30,0.021178798745086096
2023-12-05 00:00:00+05:30,0.006051358646047148
2023-12-06 00:00:00+05:30,-0.0016464254896924766
2023-12-07 00:00:00+05:30,-0.001004840663104102
2023-12-08 00:00:00+05:30,0.003948118204694368
2023-12-11 00:00:00+05:30,-1.3579378842451469e-05
2023-12-12 00:00:00+05:30,-0.0030196716957068058
2023-12-13 00:00:00+05:30,0.00151914988331228
2023-12-14 00:00:00+05:30,0.006632008950395911
2023-12-15 00:00:00+05:30,0.0017130430921474269
2023-12-18 00:00:00+05:30,-0.0026431659811063917
2023-12-19 00:00:00+05:30,0.00047124632882429573
2023-12-20 00:00:00+05:30,-0.006723804772854433
2023-12-21 00:00:00+05:30,0.003526038219015965
2023-12-22 00:00:00+05:30,-0.00329794982768866
2023-12-26 00:00:00+05:30,0.0026636655045314253
2023-12-27 00:00:00+05:30,0.007414718887289607
2023-12-28 00:00:00+05:30,0.002671348038123038
2023-12-29 00:00:00+05:30,-0.002471888064551624
2024-01-01 00:00:00+05:30,-0.0023413065050864913
2024-01-02 00:00:00+05:30,-0.0029004041300893964
2024-01-03 00:00:00+05:30,0.0008688936603782589
2024-01-04 00:00:00+05:30,0.0058857670487586135
2024-01-05 00:00:00+05:30,-0.0017634440567449712
2024-01-08 00:00:00+05:30,-0.00582733886354422
2024-01-09 00:00:00+05:30,-0.0006642906498311304
2024-01-10 00:00:00+05:30,-0.001975645026741431
2024-01-11 00:00:00+05:30,-0.002401358753567227
2024-01-12 00:00:00+05:30,0.002352735368756866
2024-01-15 00:00:00+05:30,0.004898364047961571
2024-01-16 00:00:00+05:30,0.001248609413645065
2024-01-17 00:00:00+05:30,-0.024776466591863583
2024-01-18 00:00:00+05:30,-0.005337022542754338
2024-01-19 00:00:00+05:30,0.0018579170021768838
2024-01-23 00:00:00+05:30,-0.0033459033657661525
2024-01-24 00:00:00+05:30,0.003970986308212299
2024-01-25 00:00:00+05:30,-0.005664500767717252
2024-01-29 00:00:00+05:30,0.005395686631082072
2024-01-30 00:00:00+05:30,-0.003135605253166962
2024-01-31 00:00:00+05:30,0.005728191972241014
2024-02-01 00:00:00+05:30,0.00011318061064492378
2024-02-02 00:00:00+05:30,-0.0047143289216514455
2024-02-05 00:00:00+05:30,-0.005642444725355895
2024-02-06 00:00:00+05:30,0.00044026273992863645
2024-02-07 00:00:00+05:30,0.003937024864167336
2024-02-08 00:00:00+05:30,-0.008807918572577105
2024-02-09 00:00:00+05:30,0.006267892525524046
2024-02-12 00:00:00+05:30,-0.008069691704653392
2024-02-13 00:00:00+05:30,0.005370386308240222
2024-02-14 00:00:00+05:30,0.006107609775602624
2024-02-15 00:00:00+05:30,0.005082081370534496
2024-02-16 00:00:00+05:30,0.0010107600421955922
2024-02-19 00:00:00+05:30,0.0034628999949236823
2024-02-20 00:00:00+05:30,0.008655276091042906
2024-02-21 00:00:00+05:30,-0.0015208920395778324
2024-02-22 00:00:00+05:30,-0.003110990389753789
2024-02-23 00:00:00+05:30,-0.0017515804605706523
2024-02-26 00:00:00+05:30,-0.001452366654296084
2024-02-27 00:00:00+05:30,-0.0018732869356718742
2024-02-28 00:00:00+05:30,-0.005237213488761717
2024-02-29 00:00:00+05:30,0.0009278771906069655
2024-03-01 00:00:00+05:30,0.013762785574884416
2024-03-04 00:00:00+05:30,0.0012402848409457455
2024-03-05 00:00:00+05:30,0.00242804756823921
2024-03-06 00:00:00+05:30,0.004430229194279268
2024-03-07 00:00:00+05:30,0.0009293923529215481
2024-03-11 00:00:00+05:30,-0.006402564475110657
2024-03-12 00:00:00+05:30,-9.778774843271793e-06
2024-03-13 00:00:00+05:30,0.00040982539356345694
2024-03-14 00:00:00+05:30,-0.0014462364862690984
2024-03-15 00:00:00+05:30,-0.0004269033653619479
2024-03-18 00:00:00+05:30,0.000337881052268201
2024-03-19 00:00:00+05:30,0.0026258362005320587
2024-03-20 00:00:00+05:30,0.001098059984634474
2024-03-21 00:00:00+05:30,0.0034681357327435904
2024-03-22 00:00:00+05:30,0.0036526341990679285
2024-03-26 00:00:00+05:30,-0.0031587948658579035
2024-03-27 00:00:00+05:30,0.002665230065429836
2024-03-28 00:00:00+05:30,0.006767416787684177
2024-04-01 00:00:00+05:30,0.003630594792913793
2024-04-02 00:00:00+05:30,-0.00162200819787627
2024-04-03 00:00:00+05:30,0.0011095076240773692
2024-04-04 00:00:00+05:30,0.003105662295317019
2024-04-05 00:00:00+05:30,0.0040044698705334735
2024-04-08 00:00:00+05:30,0.0021499421972602565
2024-04-09 00:00:00+05:30,0.002330729619533969
2024-04-10 00:00:00+05:30,0.0038748826625787107
2024-04-12 00:00:00+05:30,-0.006429537537071381
2024-04-15 00:00:00+05:30,-0.007864582257304782
2024-04-16 00:00:00+05:30,-0.0017411468361991553
2024-04-18 00:00:00+05:30,-0.0032263390145722375
2024-04-19 00:00:00+05:30,0.009966954707332545
2024-04-22 00:00:00+05:30,0.004967990759855052
2024-04-23 00:00:00+05:30,0.003725449491973466
2024-04-24 00:00:00+05:30,0.0038909289362457273
2024-04-25 00:00:00+05:30,0.0006574967376058072
2024-04-26 00:00:00+05:30,-0.007872908519870268
2024-04-29 00:00:00+05:30,0.012642081405394323
2024-04-30 00:00:00+05:30,-0.001999092549197292
2024-05-02 00:00:00+05:30,-0.0037094223358500973
2024-05-03 00:00:00+05:30,-0.0031331187823290547
2024-05-06 00:00:00+05:30,0.00010986764166283033
2024-05-07 00:00:00+05:30,-0.004425233423387495
2024-05-08 00:00:00+05:30,-0.0017095171445708633
2024-05-09 00:00:00+05:30,-0.00665484840387253
2024-05-10 00:00:00+05:30,0.0024919330561929535
2024-05-13 00:00:00+05:30,0.001609890597667009
2024-05-14 00:00:00+05:30,0.0017485325790900501
2024-05-15 00:00:00+05:30,0.0004290113013872988
2024-05-16 00:00:00+05:30,0.004600077298303521
2024-05-17 00:00:00+05:30,0.0034775056191588497
2024-05-21 00:00:00+05:30,0.0001577979891682112
2024-05-22 00:00:00+05:30,-0.0018843140998426372
2024-05-23 00:00:00+05:30,0.01089946273738475
2024-05-24 00:00:00+05:30,0.003966848039427902
2024-05-27 00:00:00+05:30,0.0030147727043520417
2024-05-28 00:00:00+05:30,-0.0014684096691750643
2024-05-29 00:00:00+05:30,-0.006274312165580815
2024-05-30 00:00:00+05:30,0.0022089079249914575
2024-05-31 00:00:00+05:30,0.003906305487120132
2024-06-03 00:00:00+05:30,0.022509105163828154
2024-06-04 00:00:00+05:30,-0.04827331160553335
2024-06-05 00:00:00+05:30,0.022615100892443844
2024-06-06 00:00:00+05:30,0.007528999970258217
2024-06-07 00:00:00+05:30,0.008247482817120323
2024-06-10 00:00:00+05:30,-0.0013827785222667692
2024-06-11 00:00:00+05:30,0.0005824088634863961
2024-06-12 00:00:00+05:30,0.0025940303606098226
2024-06-13 00:00:00+05:30,0.0005756353807735736
2024-06-14 00:00:00+05:30,0.0010014089555801528
2024-06-18 00:00:00+05:30,0.0033800002260112516
2024-06-19 00:00:00+05:30,0.00858563487018302
2024-06-20 00:00:00+05:30,0.0010020629609265761
2024-06-21 00:00:00+05:30,0.0008154101179406086
2024-06-24 00:00:00+05:30,0.0009984281108609502
2024-06-25 00:00:00+05:30,0.008851104148142788
2024-06-26 00:00:00+05:30,0.0020416181710630754
2024-06-27 00:00:00+05:30,-0.00022933340083976976
2024-06-28 00:00:00+05:30,-0.00724168580632124
2024-07-01 00:00:00+05:30,0.003054271639607266
2024-07-02 00:00:00+05:30,-0.005384751950210176
2024-07-03 00:00:00+05:30,0.011178903387050554
2024-07-04 00:00:00+05:30,-0.0024833524537538894
2024-07-05 00:00:00+05:30,-0.0046230331454663294
2024-07-08 00:00:00+05:30,-0.0016247654199107583
2024-07-09 00:00:00+05:30,0.0038032403092496717
2024-07-10 00:00:00+05:30,-0.0031507008362743325
2024-07-11 00:00:00+05:30,6.188988630736678e-05
2024-07-12 00:00:00+05:30,-0.0034734299816593026
2024-07-15 00:00:00+05:30,0.004123491409457459
2024-07-16 00:00:00+05:30,-0.00022739629630527322
2024-07-18 00:00:00+05:30,0.002238182889013095
2024-07-19 00:00:00+05:30,-0.003036532301077716
2024-07-22 00:00:00+05:30,0.00044673811405206154
2024-07-23 00:00:00+05:30,-0.005597309864686293
2024-07-24 00:00:00+05:30,-0.00674969758695977
2024-07-25 00:00:00+05:30,-0.000968563624692529
2024-07-26 00:00:00+05:30,0.008164523001300276
2024-07-29 00:00:00+05:30,-0.001982453938194669
2024-07-30 00:00:00+05:30,0.0007552566670001984
2024-07-31 00:00:00+05:30,0.0024520233737817332
2024-08-01 00:00:00+05:30,-4.440587310684937e-05
2024-08-02 00:00:00+05:30,-0.0011642432920231016
2024-08-05 00:00:00+05:30,-0.014352065205339739
2024-08-06 00:00:00+05:30,-0.006382051682489348
2024-08-07 00:00:00+05:30,0.006714808901453888
2024-08-08 00:00:00+05:30,0.0017373689765414152
2024-08-09 00:00:00+05:30,0.002943577990173046
2024-08-12 00:00:00+05:30,0.0017012871762023104
2024-08-13 00:00:00+05:30,-0.011111173592408367
2024-08-14 00:00:00+05:30,2.0599048379300292e-05
2024-08-16 00:00:00+05:30,0.007717107174296427
2024-08-19 00:00:00+05:30,-0.003045455962792756
2024-08-20 00:00:00+05:30,0.002744303702150498
2024-08-21 00:00:00+05:30,-0.001510727809958566
2024-08-22 00:00:00+05:30,0.004353268386425586
2024-08-23 00:00:00+05:30,0.00029136132610185805
2024-08-26 00:00:00+05:30,0.001970999428823966
2024-08-27 00:00:00+05:30,0.0034029875248186583
2024-08-28 00:00:00+05:30,-0.0007086380809603714
2024-08-29 00:00:00+05:30,0.0011612107296472124
2024-08-30 00:00:00+05:30,0.0024218295321070237
2024-09-02 00:00:00+05:30,0.001666330577977273
2024-09-03 00:00:00+05:30,0.0022866176770810157
2024-09-04 00:00:00+05:30,-0.0033138976480696493
2024-09-05 00:00:00+05:30,0.0004916216749739056
2024-09-06 00:00:00+05:30,-0.009118096230533976
2024-09-09 00:00:00+05:30,0.005153940538624756
2024-09-10 00:00:00+05:30,0.0015199493146176009
2024-09-11 00:00:00+05:30,-0.002204987222931288
2024-09-12 00:00:00+05:30,0.01106832357616732
2024-09-13 00:00:00+05:30,0.001083972242598603
2024-09-16 00:00:00+05:30,0.0008938314755168768
2024-09-17 00:00:00+05:30,0.0016198092785910303
2024-09-18 00:00:00+05:30,0.009337194782898742
2024-09-19 00:00:00+05:30,0.0028475821355500855
2024-09-20 00:00:00+05:30,0.008880136904656194
2024-09-23 00:00:00+05:30,0.006255889871576573
2024-09-24 00:00:00+05:30,-0.00021531195803392643
2024-09-25 00:00:00+05:30,0.0014209674425709634
2024-09-26 00:00:00+05:30,0.004008587551816705
2024-09-27 00:00:00+05:30,-0.008548091999565717
2024-09-30 00:00:00+05:30,-0.008259320698223993
2024-10-01 00:00:00+05:30,0.0018655297321412763
2024-10-03 00:00:00+05:30,-0.011222247058009964
2024-10-04 00:00:00+05:30,-0.0057538411511134846
2024-10-07 00:00:00+05:30,-0.00851261089558808
2024-10-08 00:00:00+05:30,0.0050870525948458305
2024-10-09 00:00:00+05:30,0.003639139449375901
2024-10-10 00:00:00+05:30,0.007731639705610159
2024-10-11 00:00:00+05:30,-0.0016977786574432121
2024-10-14 00:00:00+05:30,0.006752331079451853
2024-10-15 00:00:00+05:30,0.0010299395102896102
2024-10-16 00:00:00+05:30,-0.0006920902522021055
2024-10-17 00:00:00+05:30,-0.0055505308322942645
2024-10-18 00:00:00+05:30,0.006970893663403932
2024-10-21 00:00:00+05:30,-0.0016159031163779326
2024-10-22 00:00:00+05:30,-0.0054410475032877475
2024-10-23 00:00:00+05:30,0.001712227360486551
2024-10-24 00:00:00+05:30,0.0035105626693859265
2024-10-25 00:00:00+05:30,-0.003180279311893311
2024-10-28 00:00:00+05:30,0.0007728627360469708
2024-10-29 00:00:00+05:30,0.011334257685104175
2024-10-30 00:00:00+05:30,-0.006609431617795832
2024-10-31 00:00:00+05:30,-3.328607022626967e-06
2024-11-01 00:00:00+05:30,0.001199608882156286
2024-11-04 00:00:00+05:30,-0.00399241614228609
2024-11-05 00:00:00+05:30,0.010957776431244995
2024-11-06 00:00:00+05:30,0.00027826154107354374
2024-11-07 00:00:00+05:30,-0.0035606882430047307
2024-11-08 00:00:00+05:30,-0.001980312151526708
2024-11-11 00:00:00+05:30,0.002435301743869467
2024-11-12 00:00:00+05:30,-0.01059570084699994
2024-11-13 00:00:00+05:30,-0.00937174052597327
2024-11-14 00:00:00+05:30,0.0011521013047471956
2024-11-18 00:00:00+05:30,0.003998087165870643
2024-11-19 00:00:00+05:30,0.0024879794156487346
2024-11-21 00:00:00+05:30,-0.003481652810109024
2024-11-22 00:00:00+05:30,0.009714851882647577
2024-11-25 00:00:00+05:30,0.010796501684701625
2024-11-26 00:00:00+05:30,-0.0030962227210357407
2024-11-27 00:00:00+05:30,0.002893166059685291
2024-11-28 00:00:00+05:30,-0.004271502616824251
2024-11-29 00:00:00+05:30,0.0036797039133941497
2024-12-02 00:00:00+05:30,0.0010422990939771373
2024-12-03 00:00:00+05:30,0.004200657185139931
2024-12-04 00:00:00+05:30,0.003721294501729073
2024-12-05 00:00:00+05:30,0.004134259677219341
2024-12-06 00:00:00+05:30,-0.00018592681780496404
2024-12-09 00:00:00+05:30,0.0018901708259731701
2024-12-10 00:00:00+05:30,0.001928405935781508
2024-12-11 00:00:00+05:30,0.0002560650957243879
2024-12-12 00:00:00+05:30,-0.0012719654526074393
2024-12-13 00:00:00+05:30,0.007803075411737705
2024-12-16 00:00:00+05:30,-2.584203955398128e-05
2024-12-17 00:00:00+05:30,-0.00716111009232043
2024-12-18 00:00:00+05:30,-0.007807172765181007
2024-12-19 00:00:00+05:30,-0.005211141797604828
2024-12-20 00:00:00+05:30,-0.006505006710198902
2024-12-23 00:00:00+05:30,0.0053648529587333885
2024-12-24 00:00:00+05:30,-0.0021617463735065646
2024-12-26 00:00:00+05:30,0.0007578308741910777
2024-12-27 00:00:00+05:30,0.0004290515025854235
2024-12-30 00:00:00+05:30,-0.00639441783332928
2024-12-31 00:00:00+05:30,0.002431984184063771
2025-01-01 00:00:00+05:30,0.002804972831480867
2025-01-02 00:00:00+05:30,0.008752694329809897
2025-01-03 00:00:00+05:30,-0.008000221051764848
2025-01-06 00:00:00+05:30,-0.011097735068835853
2025-01-07 00:00:00+05:30,0.0012473398469022051
2025-01-08 00:00:00+05:30,-0.0058791838296735595
2025-01-09 00:00:00+05:30,-0.003774210889790782
2025-01-10 00:00:00+05:30,-0.009126037693520585
2025-01-13 00:00:00+05:30,-0.009534710664949762
2025-01-14 00:00:00+05:30,0.009277466643136223
2025-01-15 00:00:00+05:30,0.00032779466414983144
2025-01-16 00:00:00+05:30,0.006403729442233943
2025-01-17 00:00:00+05:30,-0.00871665966935304
2025-01-20 00:00:00+05:30,0.014489007086652787
2025-01-21 00:00:00+05:30,-0.008585801273011638
2025-01-22 00:00:00+05:30,0.0020343860752529744
2025-01-23 00:00:00+05:30,-0.000974007904826719
2025-01-24 00:00:00+05:30,-0.0015046526682001345
2025-01-27 00:00:00+05:30,-0.0011595395308945096
2025-01-28 00:00:00+05:30,0.010476843292656962
2025-01-29 00:00:00+05:30,0.003174930394037618
2025-01-30 00:00:00+05:30,0.002748528398924123
2025-01-31 00:00:00+05:30,0.0022334347797973364
2025-02-01 00:00:00+05:30,0.0003341353250154907
2025-02-03 00:00:00+05:30,0.0008638252800397144
2025-02-04 00:00:00+05:30,0.010561786948321768
2025-02-05 00:00:00+05:30,-0.00041943152744338156
2025-02-06 00:00:00+05:30,-0.002508891181554198
2025-02-07 00:00:00+05:30,-0.0013407926466349552
2025-02-10 00:00:00+05:30,-0.0010576026313064658
2025-02-11 00:00:00+05:30,-0.004458466807460843
2025-02-12 00:00:00+05:30,0.003552552769361628
2025-02-13 00:00:00+05:30,0.0009235988707876619
2025-02-14 00:00:00+05:30,-0.002053485160039525
2025-02-17 00:00:00+05:30,0.0005660167863981989
2025-02-18 00:00:00+05:30,0.0011454269094915166
2025-02-19 00:00:00+05:30,0.004357509939662381
2025-02-20 00:00:00+05:30,-0.005987005880004274
2025-02-21 00:00:00+05:30,-0.0029560913383146516
2025-02-24 00:00:00+05:30,-0.002868286305735327
2025-02-25 00:00:00+05:30,0.0035845427289396504
2025-02-27 00:00:00+05:30,0.001485469363292892
2025-02-28 00:00:00+05:30,-0.005175351792939719
2025-03-03 00:00:00+05:30,0.0015429937725113165
2025-03-04 00:00:00+05:30,0.003031307340851009
2025-03-05 00:00:00+05:30,0.0019412191048585
2025-03-06 00:00:00+05:30,-0.001394856962532335
2025-03-07 00:00:00+05:30,-0.0017928572664569044
2025-03-10 00:00:00+05:30,-0.0019278847217674574
2025-03-11 00:00:00+05:30,0.0038042521028817918
2025-03-12 00:00:00+05:30,0.004142655829967692
2025-03-13 00:00:00+05:30,0.00039594462727704017
2025-03-17 00:00:00+05:30,0.003898381066217998
2025-03-18 00:00:00+05:30,0.0
2025-03-19 00:00:00+05:30,0.01268315776804348
2025-03-20 00:00:00+05:30,0.004658849738196595
2025-03-21 00:00:00+05:30,0.00641269019112279
2025-03-24 00:00:00+05:30,0.012780626674226664
2025-03-25 00:00:00+05:30,0.0007333981964920881
2025-03-26 00:00:00+05:30,-0.005316621637924535
2025-03-27 00:00:00+05:30,0.002889565037290645
2025-03-28 00:00:00+05:30,0.002824060014835876
2025-04-01 00:00:00+05:30,-0.009597266284684103
2025-04-02 00:00:00+05:30,0.006242638390049864
2025-04-03 00:00:00+05:30,0.0004666870720512694
2025-04-04 00:00:00+05:30,0.0034501723548717306
2025-04-07 00:00:00+05:30,-0.019864959871266262
2025-04-08 00:00:00+05:30,0.00953996814597764
2025-04-09 00:00:00+05:30,-0.006482327465236859
2025-04-11 00:00:00+05:30,0.011351858602965666
2025-04-15 00:00:00+05:30,0.014504882880411404
2025-04-16 00:00:00+05:30,0.004053967082620483
2025-04-17 00:00:00+05:30,0.014354572214579711
2025-04-21 00:00:00+05:30,0.0075828737651117166
2025-04-22 00:00:00+05:30,0.0043561360141173965
2025-04-23 00:00:00+05:30,-0.00628759605485512
2025-04-24 00:00:00+05:30,-0.0024776381700701176
2025-04-25 00:00:00+05:30,-0.007570227081138224
2025-04-28 00:00:00+05:30,0.004586842989788736
2025-04-29 00:00:00+05:30,-0.004444632362337093
2025-04-30 00:00:00+05:30,-0.0025153429335552265
2025-05-02 00:00:00+05:30,0.0013573226003579645
2025-05-05 00:00:00+05:30,-0.003515007459859436
2025-05-06 00:00:00+05:30,-0.002902859266649996
2025-05-07 00:00:00+05:30,0.004570007021782171
2025-05-08 00:00:00+05:30,-0.0032229575946750542
2025-05-09 00:00:00+05:30,-0.00606967669906457
2025-05-12 00:00:00+05:30,0.016548542435125706
2025-05-13 00:00:00+05:30,-0.005375378764203734
2025-05-14 00:00:00+05:30,-0.0018007624350604918
2025-05-15 00:00:00+05:30,0.006431577160945471
2025-05-16 00:00:00+05:30,-0.0015330909255488925
2025-05-19 00:00:00+05:30,0.0021536583797923765
2025-05-20 00:00:00+05:30,-0.005709681310228408
2025-05-21 00:00:00+05:30,0.0012445703056371896
2025-05-22 00:00:00+05:30,-0.0006860038040905647
2025-05-23 00:00:00+05:30,0.004554064576153613
2025-05-26 00:00:00+05:30,0.0018503186477532314
2025-05-27 00:00:00+05:30,-0.0033679461132988383
2025-05-28 00:00:00+05:30,0.0016425501765637508
2025-05-29 00:00:00+05:30,0.0009692127417942776
2025-05-30 00:00:00+05:30,0.003084576734332751
2025-06-02 00:00:00+05:30,-0.0011846486778476725
2025-06-03 00:00:00+05:30,-0.003551517993034695
2025-06-04 00:00:00+05:30,0.0005070287546956164
2025-06-05 00:00:00+05:30,0.0008337243377413593
2025-06-06 00:00:00+05:30,0.008998629863122477
2025-06-09 00:00:00+05:30,0.0036867002211325153
2025-06-10 00:00:00+05:30,-0.002322709077300542
2025-06-11 00:00:00+05:30,-0.0019296353194302334
2025-06-12 00:00:00+05:30,-0.004143820153421106
2025-06-13 00:00:00+05:30,-0.006148993804720067
2025-06-16 00:00:00+05:30,0.004231804769977027
2025-06-17 00:00:00+05:30,-0.0019200820546571504
2025-06-18 00:00:00+05:30,0.0010126907938369525
2025-06-19 00:00:00+05:30,-0.000635433123474053
2025-06-20 00:00:00+05:30,0.007128208209501669
2025-06-23 00:00:00+05:30,-0.0017658476714061961
2025-06-24 00:00:00+05:30,0.004227428517469611
2025-06-25 00:00:00+05:30,0.0018235825965511711
2025-06-26 00:00:00+05:30,0.006926266525460681
2025-06-27 00:00:00+05:30,0.002574528000516513
