Date,Cumulative Return
2020-01-01 00:00:00+05:30,0.0
2020-01-02 00:00:00+05:30,0.004261330055532531
2020-01-03 00:00:00+05:30,-0.003691651880353586
2020-01-06 00:00:00+05:30,-0.01856846014252045
2020-01-07 00:00:00+05:30,-0.017051731919688784
2020-01-08 00:00:00+05:30,-0.016695421236827546
2020-01-09 00:00:00+05:30,-0.0045838067526950965
2020-01-10 00:00:00+05:30,-0.002201221669672404
2020-01-13 00:00:00+05:30,0.00019690431442209722
2020-01-14 00:00:00+05:30,4.256350372999762e-05
2020-01-15 00:00:00+05:30,-0.002990195424804276
2020-01-16 00:00:00+05:30,-0.00227361799722281
2020-01-17 00:00:00+05:30,-0.0044652745329542
2020-01-20 00:00:00+05:30,-0.010159706242010014
2020-01-21 00:00:00+05:30,-0.01300343812247673
2020-01-22 00:00:00+05:30,-0.01704535296702092
2020-01-23 00:00:00+05:30,-0.009415012019827862
2020-01-24 00:00:00+05:30,-0.004006859674229313
2020-01-27 00:00:00+05:30,-0.01265777751608499
2020-01-28 00:00:00+05:30,-0.014747657234772449
2020-01-29 00:00:00+05:30,-0.008642281503498217
2020-01-30 00:00:00+05:30,-0.0109473924092518
2020-01-31 00:00:00+05:30,-0.0024400071099075493
2020-02-03 00:00:00+05:30,-0.02240417341631351
2020-02-04 00:00:00+05:30,-0.007178242548282365
2020-02-05 00:00:00+05:30,-0.0019209832376584357
2020-02-06 00:00:00+05:30,0.00462850286952432
2020-02-07 00:00:00+05:30,0.0024858129225560077
2020-02-10 00:00:00+05:30,0.0005607463838326332
2020-02-11 00:00:00+05:30,0.004604483869236953
2020-02-12 00:00:00+05:30,0.00676484935724031
2020-02-13 00:00:00+05:30,0.004638079550421059
2020-02-14 00:00:00+05:30,0.00023086529074700657
2020-02-17 00:00:00+05:30,-0.002849295484631198
2020-02-18 00:00:00+05:30,-0.004254276272738888
2020-02-19 00:00:00+05:30,-0.0005204038599816441
2020-02-20 00:00:00+05:30,0.003101392897139732
2020-02-24 00:00:00+05:30,-0.0049374529890304775
2020-02-25 00:00:00+05:30,-0.004599739381053292
2020-02-26 00:00:00+05:30,-0.005901820947453729
2020-02-27 00:00:00+05:30,-0.00899578123365663
2020-02-28 00:00:00+05:30,-0.02584978309899033
2020-03-02 00:00:00+05:30,-0.03326074994917727
2020-03-03 00:00:00+05:30,-0.029182543916875803
2020-03-04 00:00:00+05:30,-0.04237290573267849
2020-03-05 00:00:00+05:30,-0.03821159178119493
2020-03-06 00:00:00+05:30,-0.05376470980323078
2020-03-09 00:00:00+05:30,-0.07065667167831347
2020-03-11 00:00:00+05:30,-0.0738230657382809
2020-03-12 00:00:00+05:30,-0.12222283237262599
2020-03-13 00:00:00+05:30,-0.08967276189714501
2020-03-16 00:00:00+05:30,-0.12743556526500044
2020-03-17 00:00:00+05:30,-0.149596198218526
2020-03-18 00:00:00+05:30,-0.1824197591037181
2020-03-19 00:00:00+05:30,-0.1883016792980372
2020-03-20 00:00:00+05:30,-0.1869023449343552
2020-03-23 00:00:00+05:30,-0.259870243854326
2020-03-24 00:00:00+05:30,-0.25571095989142434
2020-03-25 00:00:00+05:30,-0.2242606094903158
2020-03-26 00:00:00+05:30,-0.1984390247605442
2020-03-27 00:00:00+05:30,-0.19708940285291843
2020-03-30 00:00:00+05:30,-0.22962109989569224
2020-03-31 00:00:00+05:30,-0.22033873791794478
2020-04-01 00:00:00+05:30,-0.23884039134126056
2020-04-03 00:00:00+05:30,-0.2544907672994282
2020-04-07 00:00:00+05:30,-0.219998615770013
2020-04-08 00:00:00+05:30,-0.22185845742788468
2020-04-09 00:00:00+05:30,-0.19478036108927266
2020-04-13 00:00:00+05:30,-0.20496538646296436
2020-04-15 00:00:00+05:30,-0.21595977485176354
2020-04-16 00:00:00+05:30,-0.20898769433446918
2020-04-17 00:00:00+05:30,-0.1881140115148846
2020-04-20 00:00:00+05:30,-0.19098226627739756
2020-04-21 00:00:00+05:30,-0.2118617941982105
2020-04-22 00:00:00+05:30,-0.21081482396250883
2020-04-23 00:00:00+05:30,-0.20129953303191483
2020-04-24 00:00:00+05:30,-0.21736037584257195
2020-04-27 00:00:00+05:30,-0.20989318778824406
2020-04-28 00:00:00+05:30,-0.1997007847098914
2020-04-29 00:00:00+05:30,-0.18598525073787064
2020-04-30 00:00:00+05:30,-0.17788447964043352
2020-05-04 00:00:00+05:30,-0.2121903881344105
2020-05-05 00:00:00+05:30,-0.22535856396895704
2020-05-06 00:00:00+05:30,-0.2138435634485013
2020-05-07 00:00:00+05:30,-0.22413108322500086
2020-05-08 00:00:00+05:30,-0.22941089181240637
2020-05-11 00:00:00+05:30,-0.23678518963866146
2020-05-12 00:00:00+05:30,-0.23224826320464464
2020-05-13 00:00:00+05:30,-0.21540456233524774
2020-05-14 00:00:00+05:30,-0.22682804714318117
2020-05-15 00:00:00+05:30,-0.2305318883395825
2020-05-18 00:00:00+05:30,-0.2613876863116811
2020-05-19 00:00:00+05:30,-0.25559350209266896
2020-05-20 00:00:00+05:30,-0.2458510537240769
2020-05-21 00:00:00+05:30,-0.2480416672470701
2020-05-22 00:00:00+05:30,-0.25840440631865824
2020-05-26 00:00:00+05:30,-0.25669453436879797
2020-05-27 00:00:00+05:30,-0.23031335302949307
2020-05-28 00:00:00+05:30,-0.22085522428688276
2020-05-29 00:00:00+05:30,-0.21667368006564314
2020-06-01 00:00:00+05:30,-0.2010859102574497
2020-06-02 00:00:00+05:30,-0.18853981922685947
2020-06-03 00:00:00+05:30,-0.17884423783337544
2020-06-04 00:00:00+05:30,-0.18941139441205213
2020-06-05 00:00:00+05:30,-0.17045686548225025
2020-06-08 00:00:00+05:30,-0.16924272172467147
2020-06-09 00:00:00+05:30,-0.18112266969027413
2020-06-10 00:00:00+05:30,-0.17799527470783783
2020-06-11 00:00:00+05:30,-0.19435761843413557
2020-06-12 00:00:00+05:30,-0.19033606175880158
2020-06-15 00:00:00+05:30,-0.20793768084947206
2020-06-16 00:00:00+05:30,-0.1998102076731536
2020-06-17 00:00:00+05:30,-0.20038506794999422
2020-06-18 00:00:00+05:30,-0.18246109076145334
2020-06-19 00:00:00+05:30,-0.17435191234632674
2020-06-22 00:00:00+05:30,-0.16514065201878392
2020-06-23 00:00:00+05:30,-0.15233838685699075
2020-06-24 00:00:00+05:30,-0.17071103097968254
2020-06-25 00:00:00+05:30,-0.16594613543464198
2020-06-26 00:00:00+05:30,-0.16854747435605844
2020-06-29 00:00:00+05:30,-0.17077953362341536
2020-06-30 00:00:00+05:30,-0.17003754841095187
2020-07-01 00:00:00+05:30,-0.15837326071124314
2020-07-02 00:00:00+05:30,-0.15937855065575313
2020-07-03 00:00:00+05:30,-0.16182088037997477
2020-07-06 00:00:00+05:30,-0.1547045393059242
2020-07-07 00:00:00+05:30,-0.14738298581330245
2020-07-08 00:00:00+05:30,-0.1485439777483497
2020-07-09 00:00:00+05:30,-0.13938483329783746
2020-07-10 00:00:00+05:30,-0.1503213811428572
2020-07-13 00:00:00+05:30,-0.15858903774250066
2020-07-14 00:00:00+05:30,-0.16996365115742107
2020-07-15 00:00:00+05:30,-0.1732496711229773
2020-07-16 00:00:00+05:30,-0.16789074215455402
2020-07-17 00:00:00+05:30,-0.15966013691230174
2020-07-20 00:00:00+05:30,-0.15025628952709802
2020-07-21 00:00:00+05:30,-0.14408232429782897
2020-07-22 00:00:00+05:30,-0.1450315427480986
2020-07-23 00:00:00+05:30,-0.1384196745822851
2020-07-24 00:00:00+05:30,-0.15104772828965563
2020-07-27 00:00:00+05:30,-0.16871624808474484
2020-07-28 00:00:00+05:30,-0.16476063404731578
2020-07-29 00:00:00+05:30,-0.16313514557004005
2020-07-30 00:00:00+05:30,-0.17257870433425293
2020-07-31 00:00:00+05:30,-0.17088337849204904
2020-08-03 00:00:00+05:30,-0.17956831744220492
2020-08-04 00:00:00+05:30,-0.17244506213496735
2020-08-05 00:00:00+05:30,-0.17118202963972173
2020-08-06 00:00:00+05:30,-0.16807712825801935
2020-08-07 00:00:00+05:30,-0.16607343335503888
2020-08-10 00:00:00+05:30,-0.15993633098018945
2020-08-11 00:00:00+05:30,-0.15507668208656455
2020-08-12 00:00:00+05:30,-0.15272300741813427
2020-08-13 00:00:00+05:30,-0.15421905570397954
2020-08-14 00:00:00+05:30,-0.16612909108410978
2020-08-17 00:00:00+05:30,-0.1660620325934079
2020-08-18 00:00:00+05:30,-0.15699434240767274
2020-08-19 00:00:00+05:30,-0.15328857330971246
2020-08-20 00:00:00+05:30,-0.15920692226650857
2020-08-21 00:00:00+05:30,-0.1531165622862649
2020-08-24 00:00:00+05:30,-0.14070051550192064
2020-08-25 00:00:00+05:30,-0.13273164952268623
2020-08-26 00:00:00+05:30,-0.1318733438762889
2020-08-27 00:00:00+05:30,-0.1289546872567463
2020-08-28 00:00:00+05:30,-0.11358011080459984
2020-08-31 00:00:00+05:30,-0.13047614301591415
2020-09-01 00:00:00+05:30,-0.12130221935270324
2020-09-02 00:00:00+05:30,-0.12148559764455535
2020-09-03 00:00:00+05:30,-0.12897870070940198
2020-09-04 00:00:00+05:30,-0.1391925429745393
2020-09-07 00:00:00+05:30,-0.1429470405970764
2020-09-08 00:00:00+05:30,-0.14878312208420708
2020-09-09 00:00:00+05:30,-0.16120928526999
2020-09-10 00:00:00+05:30,-0.1620059817389684
2020-09-11 00:00:00+05:30,-0.16213801886791046
2020-09-14 00:00:00+05:30,-0.1749265028407757
2020-09-15 00:00:00+05:30,-0.16755960229630507
2020-09-16 00:00:00+05:30,-0.16541013483794076
2020-09-17 00:00:00+05:30,-0.17042385687366268
2020-09-18 00:00:00+05:30,-0.17520611255148832
2020-09-21 00:00:00+05:30,-0.18861576589781803
2020-09-22 00:00:00+05:30,-0.19222493499071158
2020-09-23 00:00:00+05:30,-0.19563686076279319
2020-09-24 00:00:00+05:30,-0.21032084310663202
2020-09-25 00:00:00+05:30,-0.19790369351706238
2020-09-28 00:00:00+05:30,-0.1841432473778677
2020-09-29 00:00:00+05:30,-0.19040770471274027
2020-09-30 00:00:00+05:30,-0.19013571747821634
2020-10-01 00:00:00+05:30,-0.17500749896699364
2020-10-05 00:00:00+05:30,-0.17810814766567007
2020-10-06 00:00:00+05:30,-0.16855569667375025
2020-10-07 00:00:00+05:30,-0.1703395433681637
2020-10-08 00:00:00+05:30,-0.16683203590836204
2020-10-09 00:00:00+05:30,-0.15306730885669784
2020-10-12 00:00:00+05:30,-0.15585677747890614
2020-10-13 00:00:00+05:30,-0.16147387128282664
2020-10-14 00:00:00+05:30,-0.15386643689714763
2020-10-15 00:00:00+05:30,-0.17058255577270176
2020-10-16 00:00:00+05:30,-0.1609783172375293
2020-10-19 00:00:00+05:30,-0.14801903424009366
2020-10-20 00:00:00+05:30,-0.14579388248667746
2020-10-21 00:00:00+05:30,-0.13636378219580514
2020-10-22 00:00:00+05:30,-0.13598548715331504
2020-10-23 00:00:00+05:30,-0.1344341541653259
2020-10-26 00:00:00+05:30,-0.14064908973420098
2020-10-27 00:00:00+05:30,-0.12546709276836798
2020-10-28 00:00:00+05:30,-0.13338405114499008
2020-10-29 00:00:00+05:30,-0.1379567044606541
2020-10-30 00:00:00+05:30,-0.14455972492703484
2020-11-02 00:00:00+05:30,-0.1189423141182443
2020-11-03 00:00:00+05:30,-0.10188603902267268
2020-11-04 00:00:00+05:30,-0.10108009972195808
2020-11-05 00:00:00+05:30,-0.0887655820380221
2020-11-06 00:00:00+05:30,-0.08375365841409621
2020-11-09 00:00:00+05:30,-0.07163055208158342
2020-11-10 00:00:00+05:30,-0.047248371988902194
2020-11-11 00:00:00+05:30,-0.036259170574640454
2020-11-12 00:00:00+05:30,-0.04545126453064807
2020-11-13 00:00:00+05:30,-0.0434649839002853
2020-11-14 00:00:00+05:30,-0.040566452365575545
2020-11-17 00:00:00+05:30,-0.026089496538407975
2020-11-18 00:00:00+05:30,-0.012928742165666418
2020-11-19 00:00:00+05:30,-0.029912613277868205
2020-11-20 00:00:00+05:30,-0.016086399295414
2020-11-23 00:00:00+05:30,-0.024419349695952497
2020-11-24 00:00:00+05:30,-0.011974826259684601
2020-11-25 00:00:00+05:30,-0.023672934365230547
2020-11-26 00:00:00+05:30,-0.016015303946427695
2020-11-27 00:00:00+05:30,-0.01357337241910872
2020-12-01 00:00:00+05:30,-0.011417535510654386
2020-12-02 00:00:00+05:30,-0.018619743419357127
2020-12-03 00:00:00+05:30,-0.01598218237333693
2020-12-04 00:00:00+05:30,-0.003971290879645428
2020-12-07 00:00:00+05:30,-0.0014786639891113396
2020-12-08 00:00:00+05:30,-0.0026793868659784614
2020-12-09 00:00:00+05:30,0.0033331142615224962
2020-12-10 00:00:00+05:30,0.0012477600619598128
2020-12-11 00:00:00+05:30,0.0042656901967259575
2020-12-14 00:00:00+05:30,0.007959533372521532
2020-12-15 00:00:00+05:30,0.011460316791246816
2020-12-16 00:00:00+05:30,0.01310970184588589
2020-12-17 00:00:00+05:30,0.017047197261600644
2020-12-18 00:00:00+05:30,0.014089810819960302
2020-12-21 00:00:00+05:30,-0.009363736091445363
2020-12-22 00:00:00+05:30,-0.0067040411814417444
2020-12-23 00:00:00+05:30,-0.0015283492365717466
2020-12-24 00:00:00+05:30,0.007739284657558132
2020-12-28 00:00:00+05:30,0.017021121648433057
2020-12-29 00:00:00+05:30,0.023080199637928178
2020-12-30 00:00:00+05:30,0.024951116333163492
2020-12-31 00:00:00+05:30,0.024301022317783083
2021-01-01 00:00:00+05:30,0.023815820145767663
2021-01-04 00:00:00+05:30,0.020598589006715518
2021-01-05 00:00:00+05:30,0.02306851577100799
2021-01-06 00:00:00+05:30,0.02748010272046919
2021-01-07 00:00:00+05:30,0.030945055471371496
2021-01-08 00:00:00+05:30,0.03192004959823014
2021-01-11 00:00:00+05:30,0.03178825997056278
2021-01-12 00:00:00+05:30,0.04140910100389639
2021-01-13 00:00:00+05:30,0.04874644288517138
2021-01-14 00:00:00+05:30,0.04616283775081187
2021-01-15 00:00:00+05:30,0.04518950891007889
2021-01-18 00:00:00+05:30,0.034772128820429904
2021-01-19 00:00:00+05:30,0.045650587384086005
2021-01-20 00:00:00+05:30,0.046195663366132234
2021-01-21 00:00:00+05:30,0.038217272017763815
2021-01-22 00:00:00+05:30,0.021802382426038047
2021-01-25 00:00:00+05:30,0.025945143094830536
2021-01-27 00:00:00+05:30,0.012025275921613288
2021-01-28 00:00:00+05:30,0.012105339494741019
2021-01-29 00:00:00+05:30,0.013707871559154983
2021-02-01 00:00:00+05:30,0.06342832864156267
2021-02-02 00:00:00+05:30,0.09190018202152284
2021-02-03 00:00:00+05:30,0.09776961196445044
2021-02-04 00:00:00+05:30,0.11408506143324293
2021-02-05 00:00:00+05:30,0.12854191565289996
2021-02-08 00:00:00+05:30,0.13370453385947445
2021-02-09 00:00:00+05:30,0.13382837000902348
2021-02-10 00:00:00+05:30,0.1265805396442352
2021-02-11 00:00:00+05:30,0.1237340924516721
2021-02-12 00:00:00+05:30,0.1272193950574696
2021-02-15 00:00:00+05:30,0.14951537829811068
2021-02-16 00:00:00+05:30,0.14755008805945868
2021-02-17 00:00:00+05:30,0.1436602669025051
2021-02-18 00:00:00+05:30,0.13502835017558845
2021-02-19 00:00:00+05:30,0.11941344891424222
2021-02-22 00:00:00+05:30,0.11363581937174305
2021-02-23 00:00:00+05:30,0.10954097872554414
2021-02-24 00:00:00+05:30,0.13362853090772586
2021-02-25 00:00:00+05:30,0.12882501582115213
2021-02-26 00:00:00+05:30,0.0984317607130949
2021-03-01 00:00:00+05:30,0.10548964258125793
2021-03-02 00:00:00+05:30,0.10762401338996397
2021-03-03 00:00:00+05:30,0.12001495053616718
2021-03-04 00:00:00+05:30,0.1085934036549423
2021-03-05 00:00:00+05:30,0.10064704904977262
2021-03-08 00:00:00+05:30,0.100363627662716
2021-03-09 00:00:00+05:30,0.11028429011155239
2021-03-10 00:00:00+05:30,0.11119919896303454
2021-03-12 00:00:00+05:30,0.10561402066785819
2021-03-15 00:00:00+05:30,0.09998832787794609
2021-03-16 00:00:00+05:30,0.09325897265089877
2021-03-17 00:00:00+05:30,0.08421173742226173
2021-03-18 00:00:00+05:30,0.08339713400386817
2021-03-19 00:00:00+05:30,0.08544693151176896
2021-03-22 00:00:00+05:30,0.0751039223260801
2021-03-23 00:00:00+05:30,0.08271018220069415
2021-03-24 00:00:00+05:30,0.06770365071783324
2021-03-25 00:00:00+05:30,0.06216750040631003
2021-03-26 00:00:00+05:30,0.06955252837956105
2021-03-30 00:00:00+05:30,0.07856795785961701
2021-03-31 00:00:00+05:30,0.06933406035756273
2021-04-01 00:00:00+05:30,0.07875075590636804
2021-04-05 00:00:00+05:30,0.05643072815091221
2021-04-06 00:00:00+05:30,0.05305149393282882
2021-04-07 00:00:00+05:30,0.06238479272787423
2021-04-08 00:00:00+05:30,0.05736062418132293
2021-04-09 00:00:00+05:30,0.05164349401596047
2021-04-12 00:00:00+05:30,0.021104183000844046
2021-04-13 00:00:00+05:30,0.04437538362437521
2021-04-15 00:00:00+05:30,0.047842842879688874
2021-04-16 00:00:00+05:30,0.04489013628337757
2021-04-19 00:00:00+05:30,0.03152069388475587
2021-04-20 00:00:00+05:30,0.03142075019428492
2021-04-22 00:00:00+05:30,0.046017889714456306
2021-04-23 00:00:00+05:30,0.043143562411809055
2021-04-26 00:00:00+05:30,0.051157532853611354
2021-04-27 00:00:00+05:30,0.05985704612922471
2021-04-28 00:00:00+05:30,0.08063287654843787
2021-04-29 00:00:00+05:30,0.07952672526186677
2021-04-30 00:00:00+05:30,0.06492254126790442
2021-05-03 00:00:00+05:30,0.06579249821539856
2021-05-04 00:00:00+05:30,0.06238986242726874
2021-05-05 00:00:00+05:30,0.07016532887227256
2021-05-06 00:00:00+05:30,0.07169515691411266
2021-05-07 00:00:00+05:30,0.07455008135741648
2021-05-10 00:00:00+05:30,0.0801058998421047
2021-05-11 00:00:00+05:30,0.07409774551625681
2021-05-12 00:00:00+05:30,0.07021446653549868
2021-05-14 00:00:00+05:30,0.06494370368146152
2021-05-17 00:00:00+05:30,0.08577194015298661
2021-05-18 00:00:00+05:30,0.09275416705829231
2021-05-19 00:00:00+05:30,0.0867162842628757
2021-05-20 00:00:00+05:30,0.08021061186637857
2021-05-21 00:00:00+05:30,0.10310874527680491
2021-05-24 00:00:00+05:30,0.1105242588059141
2021-05-25 00:00:00+05:30,0.10592425339749534
2021-05-26 00:00:00+05:30,0.10718568957320906
2021-05-27 00:00:00+05:30,0.11250829256758199
2021-05-28 00:00:00+05:30,0.11029368005276496
2021-05-31 00:00:00+05:30,0.1162622723620863
2021-06-01 00:00:00+05:30,0.11648095755564736
2021-06-02 00:00:00+05:30,0.11417511871373098
2021-06-03 00:00:00+05:30,0.12233789784851079
2021-06-04 00:00:00+05:30,0.118355246972635
2021-06-07 00:00:00+05:30,0.11650203759195121
2021-06-08 00:00:00+05:30,0.11235676663243321
2021-06-09 00:00:00+05:30,0.10678119207623182
2021-06-10 00:00:00+05:30,0.11615680546551288
2021-06-11 00:00:00+05:30,0.11219051060654239
2021-06-14 00:00:00+05:30,0.10939727496808582
2021-06-15 00:00:00+05:30,0.11259738285638021
2021-06-16 00:00:00+05:30,0.10842033385839911
2021-06-17 00:00:00+05:30,0.09971642886496479
2021-06-18 00:00:00+05:30,0.0990658090792329
2021-06-21 00:00:00+05:30,0.10293546411681143
2021-06-22 00:00:00+05:30,0.10196490067696673
2021-06-23 00:00:00+05:30,0.10091309697313444
2021-06-24 00:00:00+05:30,0.10477113751482392
2021-06-25 00:00:00+05:30,0.11693883711291986
2021-06-28 00:00:00+05:30,0.11553493068528531
2021-06-29 00:00:00+05:30,0.10871651516304026
2021-06-30 00:00:00+05:30,0.10495056669512404
2021-07-01 00:00:00+05:30,0.10378388403665761
2021-07-02 00:00:00+05:30,0.10553259466474962
2021-07-05 00:00:00+05:30,0.11310618916459392
2021-07-06 00:00:00+05:30,0.12194193705368228
2021-07-07 00:00:00+05:30,0.12525919701713328
2021-07-08 00:00:00+05:30,0.11575168685459558
2021-07-09 00:00:00+05:30,0.11467136031318947
2021-07-12 00:00:00+05:30,0.11542568289746424
2021-07-13 00:00:00+05:30,0.12259996745662716
2021-07-14 00:00:00+05:30,0.12344134182306754
2021-07-15 00:00:00+05:30,0.12831638712656068
2021-07-16 00:00:00+05:30,0.12802924466128274
2021-07-19 00:00:00+05:30,0.11650490953787696
2021-07-20 00:00:00+05:30,0.10331480942130122
2021-07-22 00:00:00+05:30,0.11285898676934791
2021-07-23 00:00:00+05:30,0.11981149389216061
2021-07-26 00:00:00+05:30,0.11819704227745453
2021-07-27 00:00:00+05:30,0.11858029703722295
2021-07-28 00:00:00+05:30,0.11602097791788246
2021-07-29 00:00:00+05:30,0.12090879471244542
2021-07-30 00:00:00+05:30,0.11764647657157479
2021-08-02 00:00:00+05:30,0.11810922476930474
2021-08-03 00:00:00+05:30,0.12835404325746302
2021-08-04 00:00:00+05:30,0.14243207855341566
2021-08-05 00:00:00+05:30,0.14179317704428418
2021-08-06 00:00:00+05:30,0.1415297287164361
2021-08-09 00:00:00+05:30,0.14256565746080518
2021-08-10 00:00:00+05:30,0.14374705137541421
2021-08-11 00:00:00+05:30,0.138216594298455
2021-08-12 00:00:00+05:30,0.14146772958074538
2021-08-13 00:00:00+05:30,0.14569232027556311
2021-08-16 00:00:00+05:30,0.14346342379348798
2021-08-17 00:00:00+05:30,0.13756247007068234
2021-08-18 00:00:00+05:30,0.13285365491936396
2021-08-20 00:00:00+05:30,0.1228632112924537
2021-08-23 00:00:00+05:30,0.12519948783607382
2021-08-24 00:00:00+05:30,0.13558391382749102
2021-08-25 00:00:00+05:30,0.13076854532649373
2021-08-26 00:00:00+05:30,0.12559550664544172
2021-08-27 00:00:00+05:30,0.12798038812537538
2021-08-30 00:00:00+05:30,0.14305126185154426
2021-08-31 00:00:00+05:30,0.1543440050677185
2021-09-01 00:00:00+05:30,0.15597386393263046
2021-09-02 00:00:00+05:30,0.15630297221619815
2021-09-03 00:00:00+05:30,0.1528632220570314
2021-09-06 00:00:00+05:30,0.14838101403985893
2021-09-07 00:00:00+05:30,0.14787626302453316
2021-09-08 00:00:00+05:30,0.15296640763716995
2021-09-09 00:00:00+05:30,0.15371037431351264
2021-09-13 00:00:00+05:30,0.1534883665103206
2021-09-14 00:00:00+05:30,0.1547012516643438
2021-09-15 00:00:00+05:30,0.1609720321825605
2021-09-16 00:00:00+05:30,0.1739561464641879
2021-09-17 00:00:00+05:30,0.1825111151218788
2021-09-20 00:00:00+05:30,0.171071869740679
2021-09-21 00:00:00+05:30,0.17388361149240428
2021-09-22 00:00:00+05:30,0.16823400626206775
2021-09-23 00:00:00+05:30,0.1817606071381328
2021-09-24 00:00:00+05:30,0.18387611964224448
2021-09-27 00:00:00+05:30,0.19035181634559706
2021-09-28 00:00:00+05:30,0.18348784639573212
2021-09-29 00:00:00+05:30,0.18230302503169127
2021-09-30 00:00:00+05:30,0.17739253238771346
2021-10-01 00:00:00+05:30,0.1713204780134765
2021-10-04 00:00:00+05:30,0.17784824447260617
2021-10-05 00:00:00+05:30,0.17820946725298525
2021-10-06 00:00:00+05:30,0.176098458453525
2021-10-07 00:00:00+05:30,0.17738871078914764
2021-10-08 00:00:00+05:30,0.17325860238960455
2021-10-11 00:00:00+05:30,0.19012568032471333
2021-10-12 00:00:00+05:30,0.19447273046761704
2021-10-13 00:00:00+05:30,0.19763649801458882
2021-10-14 00:00:00+05:30,0.21103265048055997
2021-10-18 00:00:00+05:30,0.21446920921269297
2021-10-19 00:00:00+05:30,0.2140626413768374
2021-10-20 00:00:00+05:30,0.2188302605421304
2021-10-21 00:00:00+05:30,0.2304990803561826
2021-10-22 00:00:00+05:30,0.23163633419954932
2021-10-25 00:00:00+05:30,0.2417281376838747
2021-10-26 00:00:00+05:30,0.2451821113874515
2021-10-27 00:00:00+05:30,0.24120427155873414
2021-10-28 00:00:00+05:30,0.2182999938519472
2021-10-29 00:00:00+05:30,0.2134991354835627
2021-11-01 00:00:00+05:30,0.2261602994979348
2021-11-02 00:00:00+05:30,0.2298183603975752
2021-11-03 00:00:00+05:30,0.22350429082855983
2021-11-04 00:00:00+05:30,0.22689494060782378
2021-11-08 00:00:00+05:30,0.23110107079307163
2021-11-09 00:00:00+05:30,0.2273341948719949
2021-11-10 00:00:00+05:30,0.2247263767785148
2021-11-11 00:00:00+05:30,0.21459291933491165
2021-11-12 00:00:00+05:30,0.21859830748478282
2021-11-15 00:00:00+05:30,0.2174841529419549
2021-11-16 00:00:00+05:30,0.2133732912812938
2021-11-17 00:00:00+05:30,0.21170399594615041
2021-11-18 00:00:00+05:30,0.21032509829111246
2021-11-22 00:00:00+05:30,0.1964885312633533
2021-11-23 00:00:00+05:30,0.20153951992748387
2021-11-24 00:00:00+05:30,0.20518670471240608
2021-11-25 00:00:00+05:30,0.20143084159402336
2021-11-26 00:00:00+05:30,0.17578807934307572
2021-11-29 00:00:00+05:30,0.17587527085504728
2021-11-30 00:00:00+05:30,0.1705594283570382
2021-12-01 00:00:00+05:30,0.177611250995936
2021-12-02 00:00:00+05:30,0.18133990152572022
2021-12-03 00:00:00+05:30,0.17482451603093807
2021-12-06 00:00:00+05:30,0.16740794578649454
2021-12-07 00:00:00+05:30,0.18271902580412025
2021-12-08 00:00:00+05:30,0.19677415565089995
2021-12-09 00:00:00+05:30,0.1939876073392921
2021-12-10 00:00:00+05:30,0.19294072969313825
2021-12-13 00:00:00+05:30,0.1881381990358617
2021-12-14 00:00:00+05:30,0.1837955714106232
2021-12-15 00:00:00+05:30,0.18144236320434004
2021-12-16 00:00:00+05:30,0.17809232832278687
2021-12-17 00:00:00+05:30,0.16290235067493342
2021-12-20 00:00:00+05:30,0.14184371625643744
2021-12-21 00:00:00+05:30,0.14279004875471535
2021-12-22 00:00:00+05:30,0.1520044111524319
2021-12-23 00:00:00+05:30,0.15548991956621872
2021-12-24 00:00:00+05:30,0.1491052024179158
2021-12-27 00:00:00+05:30,0.1538499486285394
2021-12-28 00:00:00+05:30,0.15653284737734574
2021-12-29 00:00:00+05:30,0.15215001667688166
2021-12-30 00:00:00+05:30,0.15168704327225013
2021-12-31 00:00:00+05:30,0.16159500307017094
2022-01-03 00:00:00+05:30,0.17749660881567597
2022-01-04 00:00:00+05:30,0.1849485544911209
2022-01-05 00:00:00+05:30,0.20226302466570845
2022-01-06 00:00:00+05:30,0.2008569463158234
2022-01-07 00:00:00+05:30,0.2006657839491881
2022-01-10 00:00:00+05:30,0.21328464206397957
2022-01-11 00:00:00+05:30,0.21266040447582424
2022-01-12 00:00:00+05:30,0.21853094326998468
2022-01-13 00:00:00+05:30,0.21342065484312522
2022-01-14 00:00:00+05:30,0.2129089774702302
2022-01-17 00:00:00+05:30,0.2111051352098845
2022-01-18 00:00:00+05:30,0.20887901646883633
2022-01-19 00:00:00+05:30,0.2060885151344085
2022-01-20 00:00:00+05:30,0.206465975747405
2022-01-21 00:00:00+05:30,0.19938631962651865
2022-01-24 00:00:00+05:30,0.18608026874117467
2022-01-25 00:00:00+05:30,0.2010847228897028
2022-01-27 00:00:00+05:30,0.20753521002138164
2022-01-28 00:00:00+05:30,0.20269553439945653
2022-01-31 00:00:00+05:30,0.21034347352639338
2022-02-01 00:00:00+05:30,0.2156876250453812
2022-02-02 00:00:00+05:30,0.22881186941588139
2022-02-03 00:00:00+05:30,0.22387151680031847
2022-02-04 00:00:00+05:30,0.22151711365516347
2022-02-07 00:00:00+05:30,0.20528743411881378
2022-02-08 00:00:00+05:30,0.20540616725180794
2022-02-09 00:00:00+05:30,0.2155877481730697
2022-02-10 00:00:00+05:30,0.22404371819370272
2022-02-11 00:00:00+05:30,0.21482293139817643
2022-02-14 00:00:00+05:30,0.18290331480180955
2022-02-15 00:00:00+05:30,0.20674749045869012
2022-02-16 00:00:00+05:30,0.20385766067323918
2022-02-17 00:00:00+05:30,0.1969947905664875
2022-02-18 00:00:00+05:30,0.19855835734511373
2022-02-21 00:00:00+05:30,0.20101878329683287
2022-02-22 00:00:00+05:30,0.1968009979635461
2022-02-23 00:00:00+05:30,0.19856566692303956
2022-02-24 00:00:00+05:30,0.1645103462538442
2022-02-25 00:00:00+05:30,0.18429926308520472
2022-02-28 00:00:00+05:30,0.1781909208891146
2022-03-02 00:00:00+05:30,0.1578789162847256
2022-03-03 00:00:00+05:30,0.15208803106608637
2022-03-04 00:00:00+05:30,0.14369256953063458
2022-03-07 00:00:00+05:30,0.12137413660187502
2022-03-08 00:00:00+05:30,0.12442102997609417
2022-03-09 00:00:00+05:30,0.13569662899843227
2022-03-10 00:00:00+05:30,0.14804710148663291
2022-03-11 00:00:00+05:30,0.1500046721893793
2022-03-14 00:00:00+05:30,0.1676931386100291
2022-03-15 00:00:00+05:30,0.16446368099533615
2022-03-16 00:00:00+05:30,0.17527832650917352
2022-03-17 00:00:00+05:30,0.18875397762966983
2022-03-21 00:00:00+05:30,0.18121781584358065
2022-03-22 00:00:00+05:30,0.18736275795420942
2022-03-23 00:00:00+05:30,0.1805517755851953
2022-03-24 00:00:00+05:30,0.16774574296037792
2022-03-25 00:00:00+05:30,0.16621919652350314
2022-03-28 00:00:00+05:30,0.17316386871829592
2022-03-29 00:00:00+05:30,0.1782170891302699
2022-03-30 00:00:00+05:30,0.1858815182803195
2022-03-31 00:00:00+05:30,0.1857274674534879
2022-04-01 00:00:00+05:30,0.19898348047435643
2022-04-04 00:00:00+05:30,0.22787982466684875
2022-04-05 00:00:00+05:30,0.21767939521936341
2022-04-06 00:00:00+05:30,0.2111806651577861
2022-04-07 00:00:00+05:30,0.20751098265334345
2022-04-08 00:00:00+05:30,0.20969101408583635
2022-04-11 00:00:00+05:30,0.20577991694485465
2022-04-12 00:00:00+05:30,0.20631206533542534
2022-04-13 00:00:00+05:30,0.20319222562005756
2022-04-18 00:00:00+05:30,0.1892789598225828
2022-04-19 00:00:00+05:30,0.17727270573913723
2022-04-20 00:00:00+05:30,0.17307351250295233
2022-04-21 00:00:00+05:30,0.1798239374243369
2022-04-22 00:00:00+05:30,0.16919273410594982
2022-04-25 00:00:00+05:30,0.17079960981064368
2022-04-26 00:00:00+05:30,0.17750011343958483
2022-04-27 00:00:00+05:30,0.16635440755517394
2022-04-28 00:00:00+05:30,0.17079270090654441
2022-04-29 00:00:00+05:30,0.1667694336980039
2022-05-02 00:00:00+05:30,0.1669462371018473
2022-05-04 00:00:00+05:30,0.15152328504178025
2022-05-05 00:00:00+05:30,0.15359602276397677
2022-05-06 00:00:00+05:30,0.14345570862242374
2022-05-09 00:00:00+05:30,0.1424191887766466
2022-05-10 00:00:00+05:30,0.1466634316893134
2022-05-11 00:00:00+05:30,0.14915929566161634
2022-05-12 00:00:00+05:30,0.13045518823189828
2022-05-13 00:00:00+05:30,0.1173769477247153
2022-05-16 00:00:00+05:30,0.12746960071288038
2022-05-17 00:00:00+05:30,0.14078280233561946
2022-05-18 00:00:00+05:30,0.13593354402535773
2022-05-19 00:00:00+05:30,0.12425048233822067
2022-05-20 00:00:00+05:30,0.1393383877314227
2022-05-23 00:00:00+05:30,0.1380896039288746
2022-05-24 00:00:00+05:30,0.14070377139240153
2022-05-25 00:00:00+05:30,0.14733375608117694
2022-05-26 00:00:00+05:30,0.16100429536412308
2022-05-27 00:00:00+05:30,0.17004164780096342
2022-05-30 00:00:00+05:30,0.17197125904762633
2022-05-31 00:00:00+05:30,0.16610095030900762
2022-06-01 00:00:00+05:30,0.16729784387087143
2022-06-02 00:00:00+05:30,0.1630852089685082
2022-06-03 00:00:00+05:30,0.15596194753896908
2022-06-06 00:00:00+05:30,0.1565529118617608
2022-06-07 00:00:00+05:30,0.15182993472327855
2022-06-08 00:00:00+05:30,0.15170307943229133
2022-06-09 00:00:00+05:30,0.15289024554810138
2022-06-10 00:00:00+05:30,0.1420177041464885
2022-06-13 00:00:00+05:30,0.12435300630394885
2022-06-14 00:00:00+05:30,0.12554918103785573
2022-06-15 00:00:00+05:30,0.12793276142159904
2022-06-16 00:00:00+05:30,0.11185904270833014
2022-06-17 00:00:00+05:30,0.1146464155585245
2022-06-20 00:00:00+05:30,0.11678090271026886
2022-06-21 00:00:00+05:30,0.1266098792426429
2022-06-22 00:00:00+05:30,0.12075255400796725
2022-06-23 00:00:00+05:30,0.12749257577974715
2022-06-24 00:00:00+05:30,0.13575787441181308
2022-06-27 00:00:00+05:30,0.1412757403183642
2022-06-28 00:00:00+05:30,0.13780266306843858
2022-06-29 00:00:00+05:30,0.13268861459665682
2022-06-30 00:00:00+05:30,0.13660130282547067
2022-07-01 00:00:00+05:30,0.14342413579336566
2022-07-04 00:00:00+05:30,0.1510532161250573
2022-07-05 00:00:00+05:30,0.14837080982934592
2022-07-06 00:00:00+05:30,0.15996833658015053
2022-07-07 00:00:00+05:30,0.17013156325355028
2022-07-08 00:00:00+05:30,0.17610930814326764
2022-07-11 00:00:00+05:30,0.17769552368574582
2022-07-12 00:00:00+05:30,0.17272010051524944
2022-07-13 00:00:00+05:30,0.16829406543028047
2022-07-14 00:00:00+05:30,0.16529323752254066
2022-07-15 00:00:00+05:30,0.16966771663945113
2022-07-18 00:00:00+05:30,0.1799265231360807
2022-07-19 00:00:00+05:30,0.18408407873386268
2022-07-20 00:00:00+05:30,0.18652377452347868
2022-07-21 00:00:00+05:30,0.19010550583050256
2022-07-22 00:00:00+05:30,0.1990982845807696
2022-07-25 00:00:00+05:30,0.20082765724911078
2022-07-26 00:00:00+05:30,0.19744574500227552
2022-07-27 00:00:00+05:30,0.20338708346489875
2022-07-28 00:00:00+05:30,0.21566535321100266
2022-07-29 00:00:00+05:30,0.21661609140921811
2022-08-01 00:00:00+05:30,0.2257966734656769
2022-08-02 00:00:00+05:30,0.22577944153567198
2022-08-03 00:00:00+05:30,0.2233192011437093
2022-08-04 00:00:00+05:30,0.22004739251691707
2022-08-05 00:00:00+05:30,0.22301613538834064
2022-08-08 00:00:00+05:30,0.22798345208827842
2022-08-10 00:00:00+05:30,0.22705057159001063
2022-08-11 00:00:00+05:30,0.2361499094208015
2022-08-12 00:00:00+05:30,0.23779409699485488
2022-08-16 00:00:00+05:30,0.23929124295912474
2022-08-17 00:00:00+05:30,0.24472598356097186
2022-08-18 00:00:00+05:30,0.2513441279752555
2022-08-19 00:00:00+05:30,0.24171118296984284
2022-08-22 00:00:00+05:30,0.2281886460563476
2022-08-23 00:00:00+05:30,0.23630415953948458
2022-08-24 00:00:00+05:30,0.23929137940438694
2022-08-25 00:00:00+05:30,0.2377788117597952
2022-08-26 00:00:00+05:30,0.24056568817950685
2022-08-29 00:00:00+05:30,0.22854754635870744
2022-08-30 00:00:00+05:30,0.25112578127809226
2022-09-01 00:00:00+05:30,0.25001991809680013
2022-09-02 00:00:00+05:30,0.25559243791810693
2022-09-05 00:00:00+05:30,0.26089209171525973
2022-09-06 00:00:00+05:30,0.25907017496939555
2022-09-07 00:00:00+05:30,0.254884030759039
2022-09-08 00:00:00+05:30,0.2683602011453523
2022-09-09 00:00:00+05:30,0.2699066703864743
2022-09-12 00:00:00+05:30,0.27156693806061516
2022-09-13 00:00:00+05:30,0.2788232861288933
2022-09-14 00:00:00+05:30,0.290480812176082
2022-09-15 00:00:00+05:30,0.288488518710605
2022-09-16 00:00:00+05:30,0.28213605854325596
2022-09-19 00:00:00+05:30,0.287307855014568
2022-09-20 00:00:00+05:30,0.2961465955796694
2022-09-21 00:00:00+05:30,0.29222497976210504
2022-09-22 00:00:00+05:30,0.2834565769778734
2022-09-23 00:00:00+05:30,0.2660704370298732
2022-09-26 00:00:00+05:30,0.2503280467864002
2022-09-27 00:00:00+05:30,0.24237579034837076
2022-09-28 00:00:00+05:30,0.23290708610104116
2022-09-29 00:00:00+05:30,0.23016972991254803
2022-09-30 00:00:00+05:30,0.24990227253497976
2022-10-03 00:00:00+05:30,0.23969681746878857
2022-10-04 00:00:00+05:30,0.2566657458388881
2022-10-06 00:00:00+05:30,0.2572766923282186
2022-10-07 00:00:00+05:30,0.2550654152320577
2022-10-10 00:00:00+05:30,0.2518475272119496
2022-10-11 00:00:00+05:30,0.24644422816971057
2022-10-12 00:00:00+05:30,0.2512046068626841
2022-10-13 00:00:00+05:30,0.24055211715669067
2022-10-14 00:00:00+05:30,0.2554717796641983
2022-10-17 00:00:00+05:30,0.26417377037739986
2022-10-18 00:00:00+05:30,0.2719370273038231
2022-10-19 00:00:00+05:30,0.27198444631187124
2022-10-20 00:00:00+05:30,0.27083411620423425
2022-10-21 00:00:00+05:30,0.27813212850444646
2022-10-24 00:00:00+05:30,0.28833557784650776
2022-10-25 00:00:00+05:30,0.28801555913177657
2022-10-27 00:00:00+05:30,0.29087837850862486
2022-10-28 00:00:00+05:30,0.2867025449071454
2022-10-31 00:00:00+05:30,0.2966187090405037
2022-11-01 00:00:00+05:30,0.298233985136771
2022-11-02 00:00:00+05:30,0.2938712428010992
2022-11-03 00:00:00+05:30,0.29608661076193776
2022-11-04 00:00:00+05:30,0.29604113923110065
2022-11-07 00:00:00+05:30,0.30388333774895515
2022-11-09 00:00:00+05:30,0.30423729566278745
2022-11-10 00:00:00+05:30,0.30274082202725294
2022-11-11 00:00:00+05:30,0.3113934489426229
2022-11-14 00:00:00+05:30,0.30866213800866826
2022-11-15 00:00:00+05:30,0.31481942205869884
2022-11-16 00:00:00+05:30,0.31863060969816726
2022-11-17 00:00:00+05:30,0.31703447960446307
2022-11-18 00:00:00+05:30,0.3152813662523437
2022-11-21 00:00:00+05:30,0.31357837686928924
2022-11-22 00:00:00+05:30,0.312694174229587
2022-11-23 00:00:00+05:30,0.31804710566950867
2022-11-24 00:00:00+05:30,0.32195069808008747
2022-11-25 00:00:00+05:30,0.31766196074609043
2022-11-28 00:00:00+05:30,0.3131203871199708
2022-11-29 00:00:00+05:30,0.3116725293564233
2022-11-30 00:00:00+05:30,0.3143875309322852
2022-12-01 00:00:00+05:30,0.31470075682540477
2022-12-02 00:00:00+05:30,0.31121860129616574
2022-12-05 00:00:00+05:30,0.3155906992241637
2022-12-06 00:00:00+05:30,0.31134258679208804
2022-12-07 00:00:00+05:30,0.3101127734166569
2022-12-08 00:00:00+05:30,0.3150878772806007
2022-12-09 00:00:00+05:30,0.3181726973435226
2022-12-12 00:00:00+05:30,0.3180569738240362
2022-12-13 00:00:00+05:30,0.32160501314789225
2022-12-14 00:00:00+05:30,0.32441222984919116
2022-12-15 00:00:00+05:30,0.3161260441451663
2022-12-16 00:00:00+05:30,0.312235934744195
2022-12-19 00:00:00+05:30,0.31805171716844316
2022-12-20 00:00:00+05:30,0.3133313924077987
2022-12-21 00:00:00+05:30,0.30016553831138504
2022-12-22 00:00:00+05:30,0.29885156845788674
2022-12-23 00:00:00+05:30,0.28880709339882915
2022-12-26 00:00:00+05:30,0.3031984534924985
2022-12-27 00:00:00+05:30,0.3071904176338889
2022-12-28 00:00:00+05:30,0.30532702226038233
2022-12-29 00:00:00+05:30,0.3133039059555798
2022-12-30 00:00:00+05:30,0.30882966926382105
2023-01-02 00:00:00+05:30,0.3104151306551508
2023-01-03 00:00:00+05:30,0.3138270706436017
2023-01-04 00:00:00+05:30,0.30624781380848076
2023-01-05 00:00:00+05:30,0.2971724132221001
2023-01-06 00:00:00+05:30,0.29060749996691015
2023-01-09 00:00:00+05:30,0.29447639503085643
2023-01-10 00:00:00+05:30,0.28156544942932493
2023-01-11 00:00:00+05:30,0.2842707987677331
2023-01-12 00:00:00+05:30,0.28362466021790533
2023-01-13 00:00:00+05:30,0.28753563102201096
2023-01-16 00:00:00+05:30,0.28548971407455515
2023-01-17 00:00:00+05:30,0.28647125824475417
2023-01-18 00:00:00+05:30,0.2929812691197815
2023-01-19 00:00:00+05:30,0.29212144527226047
2023-01-20 00:00:00+05:30,0.29535919041978254
2023-01-23 00:00:00+05:30,0.300452056703157
2023-01-24 00:00:00+05:30,0.29986574580493786
2023-01-25 00:00:00+05:30,0.2836348601568621
2023-01-27 00:00:00+05:30,0.2648912535178116
2023-01-30 00:00:00+05:30,0.2669453371361643
2023-01-31 00:00:00+05:30,0.27247023595997155
2023-02-01 00:00:00+05:30,0.27050755821646977
2023-02-02 00:00:00+05:30,0.2710269640455838
2023-02-03 00:00:00+05:30,0.2904698453272867
2023-02-06 00:00:00+05:30,0.2880604367559845
2023-02-07 00:00:00+05:30,0.2897192612508419
2023-02-08 00:00:00+05:30,0.28907348345955985
2023-02-09 00:00:00+05:30,0.2888208005627009
2023-02-10 00:00:00+05:30,0.29054858734611266
2023-02-13 00:00:00+05:30,0.28654950035127147
2023-02-14 00:00:00+05:30,0.29273823149231504
2023-02-15 00:00:00+05:30,0.2938781405915305
2023-02-16 00:00:00+05:30,0.2911194833247581
2023-02-17 00:00:00+05:30,0.28474942344789667
2023-02-20 00:00:00+05:30,0.27842322853964685
2023-02-21 00:00:00+05:30,0.2784180754660177
2023-02-22 00:00:00+05:30,0.2676296599043826
2023-02-23 00:00:00+05:30,0.2681483723503557
2023-02-24 00:00:00+05:30,0.2647817063218525
2023-02-27 00:00:00+05:30,0.2717317467005289
2023-02-28 00:00:00+05:30,0.2696631105893532
2023-03-01 00:00:00+05:30,0.2754101773206161
2023-03-02 00:00:00+05:30,0.2692140937911158
2023-03-03 00:00:00+05:30,0.28694545252391657
2023-03-06 00:00:00+05:30,0.2882380693790758
2023-03-08 00:00:00+05:30,0.2883338365202417
2023-03-09 00:00:00+05:30,0.2858053589581493
2023-03-10 00:00:00+05:30,0.2738701887929187
2023-03-13 00:00:00+05:30,0.2618395556231521
2023-03-14 00:00:00+05:30,0.25985585457638405
2023-03-15 00:00:00+05:30,0.25490155718937135
2023-03-16 00:00:00+05:30,0.2567773456592386
2023-03-17 00:00:00+05:30,0.2665126902182364
2023-03-20 00:00:00+05:30,0.2606061922655034
2023-03-21 00:00:00+05:30,0.26888313545996634
2023-03-22 00:00:00+05:30,0.26952836660358126
2023-03-23 00:00:00+05:30,0.2651463773263223
2023-03-24 00:00:00+05:30,0.26105115519873645
2023-03-27 00:00:00+05:30,0.26134165256789665
2023-03-28 00:00:00+05:30,0.2604608664491428
2023-03-29 00:00:00+05:30,0.26609293994703553
2023-03-31 00:00:00+05:30,0.2724951230414856
2023-04-03 00:00:00+05:30,0.2782604280246339
2023-04-05 00:00:00+05:30,0.28465465659608635
2023-04-06 00:00:00+05:30,0.28897221066525636
2023-04-10 00:00:00+05:30,0.2866296714940957
2023-04-11 00:00:00+05:30,0.29821011782521767
2023-04-12 00:00:00+05:30,0.2996024123385468
2023-04-13 00:00:00+05:30,0.3058286445440861
2023-04-17 00:00:00+05:30,0.306458465418576
2023-04-18 00:00:00+05:30,0.3056855434145591
2023-04-19 00:00:00+05:30,0.3061046479619134
2023-04-20 00:00:00+05:30,0.3091460574051075
2023-04-21 00:00:00+05:30,0.30618541808160704
2023-04-24 00:00:00+05:30,0.313803601122846
2023-04-25 00:00:00+05:30,0.3157704392613887
2023-04-26 00:00:00+05:30,0.3182889267299307
2023-04-27 00:00:00+05:30,0.3250673527663588
2023-04-28 00:00:00+05:30,0.3319685230485614
2023-05-02 00:00:00+05:30,0.3304885333493963
2023-05-03 00:00:00+05:30,0.329012074618394
2023-05-04 00:00:00+05:30,0.3382776362950335
2023-05-05 00:00:00+05:30,0.3237869535864828
2023-05-08 00:00:00+05:30,0.33450254839022153
2023-05-09 00:00:00+05:30,0.3292801592610215
2023-05-10 00:00:00+05:30,0.3309677703057263
2023-05-11 00:00:00+05:30,0.3292441729681346
2023-05-12 00:00:00+05:30,0.33439697294262816
2023-05-15 00:00:00+05:30,0.338814743409835
2023-05-16 00:00:00+05:30,0.3370797269806167
2023-05-17 00:00:00+05:30,0.3343716424884091
2023-05-18 00:00:00+05:30,0.3350514074415525
2023-05-19 00:00:00+05:30,0.3380300695114089
2023-05-22 00:00:00+05:30,0.3355799701055744
2023-05-23 00:00:00+05:30,0.33543130586310355
2023-05-24 00:00:00+05:30,0.33159418816947506
2023-05-25 00:00:00+05:30,0.33542021816880996
2023-05-26 00:00:00+05:30,0.337585634793671
2023-05-29 00:00:00+05:30,0.34372616413816504
2023-05-30 00:00:00+05:30,0.3462292656436954
2023-05-31 00:00:00+05:30,0.3471441894232685
2023-06-01 00:00:00+05:30,0.3376844288297849
2023-06-02 00:00:00+05:30,0.3425098833677418
2023-06-05 00:00:00+05:30,0.3445083490301961
2023-06-06 00:00:00+05:30,0.34745710306918776
2023-06-07 00:00:00+05:30,0.3486246931386787
2023-06-08 00:00:00+05:30,0.3443771218113696
2023-06-09 00:00:00+05:30,0.34337943656643466
2023-06-12 00:00:00+05:30,0.34144688704667314
2023-06-13 00:00:00+05:30,0.34099682575751045
2023-06-14 00:00:00+05:30,0.3376804881746862
2023-06-15 00:00:00+05:30,0.3295938730125021
2023-06-16 00:00:00+05:30,0.3382967389520679
2023-06-19 00:00:00+05:30,0.334401353806826
2023-06-20 00:00:00+05:30,0.33515920049422654
2023-06-21 00:00:00+05:30,0.3375112757783596
2023-06-22 00:00:00+05:30,0.3379895936031938
2023-06-23 00:00:00+05:30,0.3353919491782149
2023-06-26 00:00:00+05:30,0.3364065916108341
2023-06-27 00:00:00+05:30,0.3466058076080907
2023-06-28 00:00:00+05:30,0.351085093470771
2023-06-30 00:00:00+05:30,0.3565498532658957
2023-07-03 00:00:00+05:30,0.36348349604809926
2023-07-04 00:00:00+05:30,0.3704541380921482
2023-07-05 00:00:00+05:30,0.36571257954452197
2023-07-06 00:00:00+05:30,0.3657723508945694
2023-07-07 00:00:00+05:30,0.3594276415560502
2023-07-10 00:00:00+05:30,0.3576366781740392
2023-07-11 00:00:00+05:30,0.3543147521527461
2023-07-12 00:00:00+05:30,0.3521259943380697
2023-07-13 00:00:00+05:30,0.3526807263719416
2023-07-14 00:00:00+05:30,0.3500436062218404
2023-07-17 00:00:00+05:30,0.3609772746163069
2023-07-18 00:00:00+05:30,0.3572177299127708
2023-07-19 00:00:00+05:30,0.3631280788177642
2023-07-20 00:00:00+05:30,0.3746443185407853
2023-07-21 00:00:00+05:30,0.38073353838913415
2023-07-24 00:00:00+05:30,0.37709308940320785
2023-07-25 00:00:00+05:30,0.3755717546924089
2023-07-26 00:00:00+05:30,0.37813701595263627
2023-07-27 00:00:00+05:30,0.3725864514014614
2023-07-28 00:00:00+05:30,0.3691293769559685
2023-07-31 00:00:00+05:30,0.3683355235808927
2023-08-01 00:00:00+05:30,0.3674166039316822
2023-08-02 00:00:00+05:30,0.35557178089727715
2023-08-03 00:00:00+05:30,0.34789707398135916
2023-08-04 00:00:00+05:30,0.3496424692462339
2023-08-07 00:00:00+05:30,0.34667283214469524
2023-08-08 00:00:00+05:30,0.3490404453649951
2023-08-09 00:00:00+05:30,0.34927021895571975
2023-08-10 00:00:00+05:30,0.3428314121751641
2023-08-11 00:00:00+05:30,0.33726662547701114
2023-08-14 00:00:00+05:30,0.33189873475284015
2023-08-16 00:00:00+05:30,0.3305364543072977
2023-08-17 00:00:00+05:30,0.3292742343144437
2023-08-18 00:00:00+05:30,0.32795076081075925
2023-08-21 00:00:00+05:30,0.3330548425724933
2023-08-22 00:00:00+05:30,0.3331059792569959
2023-08-23 00:00:00+05:30,0.33971380206470836
2023-08-24 00:00:00+05:30,0.3403092527146443
2023-08-25 00:00:00+05:30,0.3362008092572517
2023-08-28 00:00:00+05:30,0.3421963101984924
2023-08-29 00:00:00+05:30,0.3437242471193058
2023-08-30 00:00:00+05:30,0.3388228079721385
2023-08-31 00:00:00+05:30,0.3352451323033778
2023-09-01 00:00:00+05:30,0.3436018596432391
2023-09-04 00:00:00+05:30,0.34444509944525703
2023-09-05 00:00:00+05:30,0.3435828106764429
2023-09-06 00:00:00+05:30,0.3450762773640377
2023-09-07 00:00:00+05:30,0.3528436381719957
2023-09-08 00:00:00+05:30,0.35848692159671014
2023-09-11 00:00:00+05:30,0.36397492640957374
2023-09-12 00:00:00+05:30,0.36646827920936764
2023-09-13 00:00:00+05:30,0.37311024800130665
2023-09-14 00:00:00+05:30,0.37348380557336425
2023-09-15 00:00:00+05:30,0.37848142433339493
2023-09-18 00:00:00+05:30,0.3734086491046069
2023-09-20 00:00:00+05:30,0.36263287527632215
2023-09-21 00:00:00+05:30,0.3518896171127728
2023-09-22 00:00:00+05:30,0.34956136879339894
2023-09-25 00:00:00+05:30,0.3549921297302103
2023-09-26 00:00:00+05:30,0.35402255423352647
2023-09-27 00:00:00+05:30,0.35154928920884365
2023-09-28 00:00:00+05:30,0.3515742955086778
2023-09-29 00:00:00+05:30,0.35689221178007235
2023-10-03 00:00:00+05:30,0.35528043346270244
2023-10-04 00:00:00+05:30,0.3472212626077922
2023-10-05 00:00:00+05:30,0.35244650260301413
2023-10-06 00:00:00+05:30,0.35660865525007046
2023-10-09 00:00:00+05:30,0.34732860064996873
2023-10-10 00:00:00+05:30,0.3583157403174675
2023-10-11 00:00:00+05:30,0.3611295251972668
2023-10-12 00:00:00+05:30,0.3620965443934636
2023-10-13 00:00:00+05:30,0.3555230213800975
2023-10-16 00:00:00+05:30,0.3549922154151528
2023-10-17 00:00:00+05:30,0.3600877095016872
2023-10-18 00:00:00+05:30,0.35188155185286263
2023-10-19 00:00:00+05:30,0.3485803186034453
2023-10-20 00:00:00+05:30,0.3467934662204366
2023-10-23 00:00:00+05:30,0.34003882465745594
2023-10-25 00:00:00+05:30,0.33406090918912135
2023-10-26 00:00:00+05:30,0.32204308968588835
2023-10-27 00:00:00+05:30,0.33022883911177114
2023-10-30 00:00:00+05:30,0.33413969223248774
2023-10-31 00:00:00+05:30,0.33221057497038853
2023-11-01 00:00:00+05:30,0.33022086997586375
2023-11-02 00:00:00+05:30,0.3339194531685208
2023-11-03 00:00:00+05:30,0.338704155907926
2023-11-06 00:00:00+05:30,0.3440989276052038
2023-11-07 00:00:00+05:30,0.34558395735705516
2023-11-08 00:00:00+05:30,0.343778518308129
2023-11-09 00:00:00+05:30,0.3437866803261793
2023-11-10 00:00:00+05:30,0.34659090521740454
2023-11-13 00:00:00+05:30,0.345605613422415
2023-11-15 00:00:00+05:30,0.3498688940314931
2023-11-16 00:00:00+05:30,0.3482276425093198
2023-11-17 00:00:00+05:30,0.3366124275985747
2023-11-20 00:00:00+05:30,0.33659020693624075
2023-11-21 00:00:00+05:30,0.33861208579297153
2023-11-22 00:00:00+05:30,0.3352013035901653
2023-11-23 00:00:00+05:30,0.33641995400163105
2023-11-24 00:00:00+05:30,0.3399890558849916
2023-11-28 00:00:00+05:30,0.34215013805215566
2023-11-29 00:00:00+05:30,0.35284869303066535
2023-11-30 00:00:00+05:30,0.35468322110983697
2023-12-01 00:00:00+05:30,0.36046286799865057
2023-12-04 00:00:00+05:30,0.3892758372801566
2023-12-05 00:00:00+05:30,0.3976828436298261
2023-12-06 00:00:00+05:30,0.3953816629695681
2023-12-07 00:00:00+05:30,0.39397952673406644
2023-12-08 00:00:00+05:30,0.39948312268053643
2023-12-11 00:00:00+05:30,0.39946411856902997
2023-12-12 00:00:00+05:30,0.39523819638102986
2023-12-13 00:00:00+05:30,0.39735777232425495
2023-12-14 00:00:00+05:30,0.4066250615772147
2023-12-15 00:00:00+05:30,0.40903467092219103
2023-12-18 00:00:00+05:30,0.40531035841381
2023-12-19 00:00:00+05:30,0.4059726057610713
2023-12-20 00:00:00+05:30,0.39651912044395243
2023-12-21 00:00:00+05:30,0.4014433002362243
2023-12-22 00:00:00+05:30,0.39682141054569486
2023-12-26 00:00:00+05:30,0.4005420755529563
2023-12-27 00:00:00+05:30,0.41092670133300246
2023-12-28 00:00:00+05:30,0.4146957776085438
2023-12-29 00:00:00+05:30,0.4111988080009017
2024-01-01 00:00:00+05:30,0.407894759051759
2024-01-02 00:00:00+05:30,0.40381129527787407
2024-01-03 00:00:00+05:30,0.40503105801270833
2024-01-04 00:00:00+05:30,0.41330074351644197
2024-01-05 00:00:00+05:30,0.41080846671989457
2024-01-08 00:00:00+05:30,0.40258720771276035
2024-01-09 00:00:00+05:30,0.40165548214510416
2024-01-10 00:00:00+05:30,0.3988863084625993
2024-01-11 00:00:00+05:30,0.3955270805805273
2024-01-12 00:00:00+05:30,0.39881038650106726
2024-01-15 00:00:00+05:30,0.40566226900821944
2024-01-16 00:00:00+05:30,0.4074173921497086
2024-01-17 00:00:00+05:30,0.37254656215230364
2024-01-18 00:00:00+05:30,0.3652212502091168
2024-01-19 00:00:00+05:30,0.3677577179816134
2024-01-23 00:00:00+05:30,0.3631813328294662
2024-01-24 00:00:00+05:30,0.36859450723774256
2024-01-25 00:00:00+05:30,0.36084210260080063
2024-01-29 00:00:00+05:30,0.36818478014081735
2024-01-30 00:00:00+05:30,0.36389469275690467
2024-01-31 00:00:00+05:30,0.3717073433869369
2024-02-01 00:00:00+05:30,0.37186259406168753
2024-02-02 00:00:00+05:30,0.36539518255797065
2024-02-05 00:00:00+05:30,0.35769101571212003
2024-02-06 00:00:00+05:30,0.3582887564786741
2024-02-07 00:00:00+05:30,0.36363637308564933
2024-02-08 00:00:00+05:30,0.35162557494890656
2024-02-09 00:00:00+05:30,0.36009741878743573
2024-02-12 00:00:00+05:30,0.3491218519295263
2024-02-13 00:00:00+05:30,0.3563671574512761
2024-02-14 00:00:00+05:30,0.36465131876143175
2024-02-15 00:00:00+05:30,0.3715865878057847
2024-02-16 00:00:00+05:30,0.37297293272315013
2024-02-19 00:00:00+05:30,0.3777274006849076
2024-02-20 00:00:00+05:30,0.3896520117160305
2024-02-21 00:00:00+05:30,0.3875385010336283
2024-02-22 00:00:00+05:30,0.3832218820914992
2024-02-23 00:00:00+05:30,0.38079905767019406
2024-02-26 00:00:00+05:30,0.3787936311625504
2024-02-27 00:00:00+05:30,0.37621075506630586
2024-02-28 00:00:00+05:30,0.36900324553649355
2024-02-29 00:00:00+05:30,0.37027351242189366
2024-03-01 00:00:00+05:30,0.3891322929522998
2024-03-04 00:00:00+05:30,0.3908552126773168
2024-03-05 00:00:00+05:30,0.3942322752942309
2024-03-06 00:00:00+05:30,0.4004090438238459
2024-03-07 00:00:00+05:30,0.4017105732801378
2024-03-11 00:00:00+05:30,0.39273603095926735
2024-03-12 00:00:00+05:30,0.39272241170720434
2024-03-13 00:00:00+05:30,0.3932931847177068
2024-03-14 00:00:00+05:30,0.39127815327789794
2024-03-15 00:00:00+05:30,0.390684211952109
2024-03-18 00:00:00+05:30,0.39115409779701626
2024-03-19 00:00:00+05:30,0.39480704058753013
2024-03-20 00:00:00+05:30,0.39633862238508555
2024-03-21 00:00:00+05:30,0.40118131425638914
2024-03-22 00:00:00+05:30,0.40629931704393707
2024-03-26 00:00:00+05:30,0.4018571059813991
2024-03-27 00:00:00+05:30,0.405593377687697
2024-03-28 00:00:00+05:30,0.4151056139085183
2024-04-01 00:00:00+05:30,0.42024328898179775
2024-04-02 00:00:00+05:30,0.41793964272409045
2024-04-03 00:00:00+05:30,0.4195128575681746
2024-04-04 00:00:00+05:30,0.42392138512764177
2024-04-05 00:00:00+05:30,0.4296234354123938
2024-04-08 00:00:00+05:30,0.4326970431623789
2024-04-09 00:00:00+05:30,0.4360362725966964
2024-04-10 00:00:00+05:30,0.44160074465221566
2024-04-12 00:00:00+05:30,0.43233191855100417
2024-04-15 00:00:00+05:30,0.4210672263577966
2024-04-16 00:00:00+05:30,0.41859293965259736
2024-04-18 00:00:00+05:30,0.41401607790559947
2024-04-19 00:00:00+05:30,0.4281095121095244
2024-04-22 00:00:00+05:30,0.4352043469697455
2024-04-23 00:00:00+05:30,0.44055112827504206
2024-04-24 00:00:00+05:30,0.44615621034418873
2024-04-25 00:00:00+05:30,0.44710705333455847
2024-04-26 00:00:00+05:30,0.4357141118851966
2024-04-29 00:00:00+05:30,0.4538645265625225
2024-04-30 00:00:00+05:30,0.45095811681992926
2024-05-02 00:00:00+05:30,0.4455759003730144
2024-05-03 00:00:00+05:30,0.44104673936827354
2024-05-06 00:00:00+05:30,0.441205063775054
2024-05-07 00:00:00+05:30,0.4348273949568813
2024-05-08 00:00:00+05:30,0.4323745329257025
2024-05-09 00:00:00+05:30,0.42284229755151426
2024-05-10 00:00:00+05:30,0.42638792530653236
2024-05-13 00:00:00+05:30,0.42868425381610886
2024-05-14 00:00:00+05:30,0.43118235477913935
2024-05-15 00:00:00+05:30,0.43179634818368573
2024-05-16 00:00:00+05:30,0.43838272206075923
2024-05-17 00:00:00+05:30,0.44338470605922664
2024-05-21 00:00:00+05:30,0.4436124692634391
2024-05-22 00:00:00+05:30,0.44089224993289733
2024-05-23 00:00:00+05:30,0.45659720131962755
2024-05-24 00:00:00+05:30,0.4623753010719185
2024-05-27 00:00:00+05:30,0.46678403021310877
2024-05-28 00:00:00+05:30,0.4646301903605523
2024-05-29 00:00:00+05:30,0.45544064333909606
2024-05-30 00:00:00+05:30,0.45865557771052234
2024-05-31 00:00:00+05:30,0.4643535319975516
2024-06-03 00:00:00+05:30,0.49731481964630775
2024-06-04 00:00:00+05:30,0.4250344747859385
2024-06-05 00:00:00+05:30,0.4572617732084332
2024-06-06 00:00:00+05:30,0.4682334970555777
2024-06-07 00:00:00+05:30,0.48034272759406416
2024-06-10 00:00:00+05:30,0.4782957414647533
2024-06-11 00:00:00+05:30,0.47915671400743665
2024-06-12 00:00:00+05:30,0.4829936914316717
2024-06-13 00:00:00+05:30,0.4838473550699238
2024-06-14 00:00:00+05:30,0.4853332931000047
2024-06-18 00:00:00+05:30,0.49035371996638455
2024-06-19 00:00:00+05:30,0.5031493528334348
2024-06-20 00:00:00+05:30,0.5046556031246501
2024-06-21 00:00:00+05:30,0.5058825145274537
2024-06-24 00:00:00+05:30,0.507386029961612
2024-06-25 00:00:00+05:30,0.5207280607042575
2024-06-26 00:00:00+05:30,0.5238328067462366
2024-06-27 00:00:00+05:30,0.5234833409863542
2024-06-28 00:00:00+05:30,0.5124507532997664
2024-07-01 00:00:00+05:30,0.5170701887418727
2024-07-02 00:00:00+05:30,0.5089011420844392
2024-07-03 00:00:00+05:30,0.5257690021724115
2024-07-04 00:00:00+05:30,0.5219799799770051
2024-07-05 00:00:00+05:30,0.5149438160828352
2024-07-08 00:00:00+05:30,0.5124823877573563
2024-07-09 00:00:00+05:30,0.5182347217415053
2024-07-10 00:00:00+05:30,0.5134512183340536
2024-07-11 00:00:00+05:30,0.5135448856578881
2024-07-12 00:00:00+05:30,0.5082876934734568
2024-07-15 00:00:00+05:30,0.514507104820485
2024-07-16 00:00:00+05:30,0.5141627115141207
2024-07-18 00:00:00+05:30,0.5175516845862131
2024-07-19 00:00:00+05:30,0.5129435898774122
2024-07-22 00:00:00+05:30,0.5136194794434212
2024-07-23 00:00:00+05:30,0.5051472821997511
2024-07-24 00:00:00+05:30,0.49498799322106835
2024-07-25 00:00:00+05:30,0.4935400022314822
2024-07-26 00:00:00+05:30,0.5057340439330633
2024-07-29 00:00:00+05:30,0.5027489955477944
2024-07-30 00:00:00+05:30,0.5038839567455096
2024-07-31 00:00:00+05:30,0.5075715153589049
2024-08-01 00:00:00+05:30,0.5075045703294945
2024-08-02 00:00:00+05:30,0.5057494682457941
2024-08-05 00:00:00+05:30,0.48413885369462495
2024-08-06 00:00:00+05:30,0.4746670028263553
2024-08-07 00:00:00+05:30,0.484569109943614
2024-08-08 00:00:00+05:30,0.4871483542587618
2024-08-09 00:00:00+05:30,0.4915258914224798
2024-08-12 00:00:00+05:30,0.4940634052945305
2024-08-13 00:00:00+05:30,0.4774626074402384
2024-08-14 00:00:00+05:30,0.47749304176396756
2024-08-16 00:00:00+05:30,0.48889501391653756
2024-08-19 00:00:00+05:30,0.4843606497184332
2024-08-20 00:00:00+05:30,0.48843418614478185
2024-08-21 00:00:00+05:30,0.4861855672264799
2024-08-22 00:00:00+05:30,0.492655331872649
2024-08-23 00:00:00+05:30,0.49309023390955664
2024-08-26 00:00:00+05:30,0.49603311390777494
2024-08-27 00:00:00+05:30,0.5011240959311187
2024-08-28 00:00:00+05:30,0.5000603422324947
2024-08-29 00:00:00+05:30,0.5018022283970134
2024-08-30 00:00:00+05:30,0.5054393373851294
2024-09-02 00:00:00+05:30,0.5079478969863043
2024-09-03 00:00:00+05:30,0.5113959973036704
2024-09-04 00:00:00+05:30,0.5063873856629038
2024-09-05 00:00:00+05:30,0.5071279583526029
2024-09-06 00:00:00+05:30,0.49338582059661573
2024-09-09 00:00:00+05:30,0.5010826423171959
2024-09-10 00:00:00+05:30,0.5033642118505703
2024-09-11 00:00:00+05:30,0.5000493129720276
2024-09-12 00:00:00+05:30,0.5166523441482094
2024-09-13 00:00:00+05:30,0.5182963531909381
2024-09-16 00:00:00+05:30,0.5196534542605828
2024-09-17 00:00:00+05:30,0.5221150030260371
2024-09-18 00:00:00+05:30,0.5363272872912639
2024-09-19 00:00:00+05:30,0.5407021054289125
2024-09-20 00:00:00+05:30,0.5543837510544134
2024-09-23 00:00:00+05:30,0.5641078046191779
2024-09-24 00:00:00+05:30,0.5637710335051891
2024-09-25 00:00:00+05:30,0.5659931012314354
2024-09-26 00:00:00+05:30,0.5722705216832626
2024-09-27 00:00:00+05:30,0.5588306086157089
2024-09-30 00:00:00+05:30,0.545955726704944
2024-10-01 00:00:00+05:30,0.5488397530776861
2024-10-03 00:00:00+05:30,0.5314582907153811
2024-10-04 00:00:00+05:30,0.5226465229810491
2024-10-07 00:00:00+05:30,0.5096848255993913
2024-10-08 00:00:00+05:30,0.5173646717088562
2024-10-09 00:00:00+05:30,0.5228865733447614
2024-10-10 00:00:00+05:30,0.5346609836423744
2024-10-11 00:00:00+05:30,0.5320554689779355
2024-10-14 00:00:00+05:30,0.5424004147365595
2024-10-15 00:00:00+05:30,0.5439889938643836
2024-10-16 00:00:00+05:30,0.5429204141322228
2024-10-17 00:00:00+05:30,0.5343563868018055
2024-10-18 00:00:00+05:30,0.5450522220159655
2024-10-21 00:00:00+05:30,0.5425555673154432
2024-10-22 00:00:00+05:30,0.5341624491972188
2024-10-23 00:00:00+05:30,0.5367892841181654
2024-10-24 00:00:00+05:30,0.5421842792097029
2024-10-25 00:00:00+05:30,0.5372797024514051
2024-10-28 00:00:00+05:30,0.5384678086483112
2024-10-29 00:00:00+05:30,0.5559051992317685
2024-10-30 00:00:00+05:30,0.5456215502136732
2024-10-31 00:00:00+05:30,0.5456164054469268
2024-11-01 00:00:00+05:30,0.5474705406153073
2024-11-04 00:00:00+05:30,0.5412923942492427
2024-11-05 00:00:00+05:30,0.5581815317206043
2024-11-06 00:00:00+05:30,0.5586151137148931
2024-11-07 00:00:00+05:30,0.5530653712041191
2024-11-08 00:00:00+05:30,0.5499898169774082
2024-11-11 00:00:00+05:30,0.5537645098816733
2024-11-12 00:00:00+05:30,0.5373012859482815
2024-11-13 00:00:00+05:30,0.5228940971861293
2024-11-14 00:00:00+05:30,0.5246486254624894
2024-11-18 00:00:00+05:30,0.5307443035644133
2024-11-19 00:00:00+05:30,0.5345527638823031
2024-11-21 00:00:00+05:30,0.5292099839396718
2024-11-22 00:00:00+05:30,0.5440660324311115
2024-11-25 00:00:00+05:30,0.5607365439515446
2024-11-26 00:00:00+05:30,0.555904156002611
2024-11-27 00:00:00+05:30,0.5604056450988812
2024-11-28 00:00:00+05:30,0.5537403683025339
2024-11-29 00:00:00+05:30,0.5594576728161753
2024-12-02 00:00:00+05:30,0.5610830941356473
2024-12-03 00:00:00+05:30,0.5676406690516285
2024-12-04 00:00:00+05:30,0.5734743216540572
2024-12-05 00:00:00+05:30,0.5799794730952117
2024-12-06 00:00:00+05:30,0.579685712539582
2024-12-09 00:00:00+05:30,0.5826715883876308
2024-12-10 00:00:00+05:30,0.5857236216730703
2024-12-11 00:00:00+05:30,0.5861296701440466
2024-12-12 00:00:00+05:30,0.5841121680002677
2024-12-13 00:00:00+05:30,0.596473114707825
2024-12-16 00:00:00+05:30,0.5964318585864479
2024-12-17 00:00:00+05:30,0.5849996342922226
2024-12-18 00:00:00+05:30,0.5726252683145543
2024-12-19 00:00:00+05:30,0.5644300950468708
2024-12-20 00:00:00+05:30,0.5542534667809538
2024-12-23 00:00:00+05:30,0.5625918080908352
2024-12-24 00:00:00+05:30,0.5592138809164238
2024-12-26 00:00:00+05:30,0.5603955013348496
2024-12-27 00:00:00+05:30,0.5610649913693246
2024-12-30 00:00:00+05:30,0.5510828895495266
2024-12-31 00:00:00+05:30,0.5548550986050831
2025-01-01 00:00:00+05:30,0.55921642491356
2025-01-02 00:00:00+05:30,0.5728637696748475
2025-01-03 00:00:00+05:30,0.5602805118331364
2025-01-06 00:00:00+05:30,0.5429649320797447
2025-01-07 00:00:00+05:30,0.5448895337219004
2025-01-08 00:00:00+05:30,0.5358068441566106
2025-01-09 00:00:00+05:30,0.5300103852407796
2025-01-10 00:00:00+05:30,0.5160474527935943
2025-01-13 00:00:00+05:30,0.5015923789768735
2025-01-14 00:00:00+05:30,0.5155233521844189
2025-01-15 00:00:00+05:30,0.5160201326526594
2025-01-16 00:00:00+05:30,0.5257283154111465
2025-01-17 00:00:00+05:30,0.5124290609378122
2025-01-20 00:00:00+05:30,0.5343426563197997
2025-01-21 00:00:00+05:30,0.5211690951879331
2025-01-22 00:00:00+05:30,0.5242637404132886
2025-01-23 00:00:00+05:30,0.5227790954810854
2025-01-24 00:00:00+05:30,0.5204878418519905
2025-01-27 00:00:00+05:30,0.5187247760931186
2025-01-28 00:00:00+05:30,0.5346362175769217
2025-01-29 00:00:00+05:30,0.5395085807478976
2025-01-30 00:00:00+05:30,0.5437399638024707
2025-01-31 00:00:00+05:30,0.5471878063285904
2025-02-01 00:00:00+05:30,0.5477047764291181
2025-02-03 00:00:00+05:30,0.5490417229410358
2025-02-04 00:00:00+05:30,0.5654023715928
2025-02-05 00:00:00+05:30,0.5647457924850194
2025-02-06 00:00:00+05:30,0.5608200155648797
2025-02-07 00:00:00+05:30,0.5587272795652896
2025-02-10 00:00:00+05:30,0.5570787654929321
2025-02-11 00:00:00+05:30,0.5501365815003798
2025-02-12 00:00:00+05:30,0.5556435235058776
2025-02-13 00:00:00+05:30,0.5570803141075358
2025-02-14 00:00:00+05:30,0.5538828727895262
2025-02-17 00:00:00+05:30,0.5547623965796216
2025-02-18 00:00:00+05:30,0.5565432632665293
2025-02-19 00:00:00+05:30,0.5633259160077277
2025-02-20 00:00:00+05:30,0.5539662745562264
2025-02-21 00:00:00+05:30,0.5493726083119777
2025-02-24 00:00:00+05:30,0.5449285640770749
2025-02-25 00:00:00+05:30,0.5504664265281685
2025-02-27 00:00:00+05:30,0.5527695969035902
2025-02-28 00:00:00+05:30,0.544733467986233
2025-03-03 00:00:00+05:30,0.5471169821075257
2025-03-04 00:00:00+05:30,0.5518067691725435
2025-03-05 00:00:00+05:30,0.5548191661199098
2025-03-06 00:00:00+05:30,0.5526504157805687
2025-03-07 00:00:00+05:30,0.5498667352003692
2025-03-10 00:00:00+05:30,0.5468787708008009
2025-03-11 00:00:00+05:30,0.5527634876175231
2025-03-12 00:00:00+05:30,0.5591960523320629
2025-03-13 00:00:00+05:30,0.5598134076318553
2025-03-17 00:00:00+05:30,0.5658941546870004
2025-03-18 00:00:00+05:30,0.5658941546870004
2025-03-19 00:00:00+05:30,0.5857546372989528
2025-03-20 00:00:00+05:30,0.593142429875777
2025-03-21 00:00:00+05:30,0.6033587587089029
2025-03-24 00:00:00+05:30,0.6238506884288129
2025-03-25 00:00:00+05:30,0.625041617595079
2025-03-26 00:00:00+05:30,0.616401886168445
2025-03-27 00:00:00+05:30,0.6210725845449281
2025-03-28 00:00:00+05:30,0.6256505908120882
2025-04-01 00:00:00+05:30,0.6100487892062105
2025-04-02 00:00:00+05:30,0.6200997415875624
2025-04-03 00:00:00+05:30,0.6208558211923951
2025-04-04 00:00:00+05:30,0.626448053137906
2025-04-07 00:00:00+05:30,0.5941387278296224
2025-04-08 00:00:00+05:30,0.6093467605133862
2025-04-09 00:00:00+05:30,0.5989144478066204
2025-04-11 00:00:00+05:30,0.6170650985363602
2025-04-15 00:00:00+05:30,0.6405204384006309
2025-04-16 00:00:00+05:30,0.6471710542562732
2025-04-17 00:00:00+05:30,0.6708154901043601
2025-04-21 00:00:00+05:30,0.683485073050615
2025-04-22 00:00:00+05:30,0.6908185630065597
2025-04-23 00:00:00+05:30,0.6801873788803239
2025-04-24 00:00:00+05:30,0.6760244824975401
2025-04-25 00:00:00+05:30,0.6633365965714866
2025-04-28 00:00:00+05:30,0.6709660603791296
2025-04-29 00:00:00+05:30,0.6635392305508017
2025-04-30 00:00:00+05:30,0.6593548589025438
2025-05-02 00:00:00+05:30,0.6616071387545461
2025-05-05 00:00:00+05:30,0.6557665772664683
2025-05-06 00:00:00+05:30,0.650960119914241
2025-05-07 00:00:00+05:30,0.6585050192549315
2025-05-08 00:00:00+05:30,0.6531597279073171
2025-05-09 00:00:00+05:30,0.6431255828270062
2025-05-12 00:00:00+05:30,0.6703169162606595
2025-05-13 00:00:00+05:30,0.6613383301795017
2025-05-14 00:00:00+05:30,0.6583466545225884
2025-05-15 00:00:00+05:30,0.6690124389907464
2025-05-16 00:00:00+05:30,0.6664536911659014
2025-05-19 00:00:00+05:30,0.6700426631224166
2025-05-20 00:00:00+05:30,0.6605072517415025
2025-05-21 00:00:00+05:30,0.6625738697593151
2025-05-22 00:00:00+05:30,0.6614333377600787
2025-05-23 00:00:00+05:30,0.6689996124692128
2025-05-26 00:00:00+05:30,0.6720877935752574
2025-05-27 00:00:00+05:30,0.6664562919897912
2025-05-28 00:00:00+05:30,0.6691935300664349
2025-05-29 00:00:00+05:30,0.6708113337042958
2025-05-30 00:00:00+05:30,0.6759650794716996
2025-06-02 00:00:00+05:30,0.6739796496561847
2025-06-03 00:00:00+05:30,0.668034480810457
2025-06-04 00:00:00+05:30,0.6688802222560515
2025-06-05 00:00:00+05:30,0.6702716083141216
2025-06-06 00:00:00+05:30,0.6853017642882224
2025-06-09 00:00:00+05:30,0.6915149666752989
2025-06-10 00:00:00+05:30,0.6875860695078124
2025-06-11 00:00:00+05:30,0.6843296438235116
2025-06-12 00:00:00+05:30,0.6773500847004312
2025-06-13 00:00:00+05:30,0.6670360694212616
2025-06-16 00:00:00+05:30,0.6740906406115621
2025-06-17 00:00:00+05:30,0.6708762492146545
2025-06-18 00:00:00+05:30,0.672568330209875
2025-06-19 00:00:00+05:30,0.671505524891586
2025-06-20 00:00:00+05:30,0.6834203642963457
2025-06-23 00:00:00+05:30,0.6804477003660552
2025-06-24 00:00:00+05:30,0.687551672896699
2025-06-25 00:00:00+05:30,0.6906290627581742
2025-06-26 00:00:00+05:30,0.702338810242527
2025-06-27 00:00:00+05:30,0.7067215291758624
